-- =========================================================================
-- SEED DATA FOR LOCAL SUPABASE (idempotent)
-- Run after migrations: psql -f supabase/seed.sql
-- =========================================================================

BEGIN;

-- auth users
INSERT INTO auth.users (id, instance_id, email, encrypted_password, email_confirmed_at, raw_app_meta_data, raw_user_meta_data, created_at, updated_at, confirmation_sent_at, is_sso_user)
VALUES ('11111111-1111-1111-1111-111111111111', '00000000-0000-0000-0000-000000000000', 'user1@test.com', '$2b$10$XXXW0j9hDJSZ/3QEjUtTyeuxNQDPbmTlWASM678YXexwftNkk9iDK', now(), '{"provider":"email","providers":["email"]}', '{"display_name": "\u06a9\u0627\u0631\u0628\u0631 \u062a\u0633\u062a \u06f1"}', now(), now(), now(), false)
ON CONFLICT (id) DO UPDATE SET encrypted_password = EXCLUDED.encrypted_password, email_confirmed_at = EXCLUDED.email_confirmed_at, raw_user_meta_data = EXCLUDED.raw_user_meta_data;
INSERT INTO auth.users (id, instance_id, email, encrypted_password, email_confirmed_at, raw_app_meta_data, raw_user_meta_data, created_at, updated_at, confirmation_sent_at, is_sso_user)
VALUES ('22222222-2222-2222-2222-222222222222', '00000000-0000-0000-0000-000000000000', 'user2@test.com', '$2b$10$XXXW0j9hDJSZ/3QEjUtTyeuxNQDPbmTlWASM678YXexwftNkk9iDK', now(), '{"provider":"email","providers":["email"]}', '{"display_name": "\u06a9\u0627\u0631\u0628\u0631 \u062a\u0633\u062a \u06f2"}', now(), now(), now(), false)
ON CONFLICT (id) DO UPDATE SET encrypted_password = EXCLUDED.encrypted_password, email_confirmed_at = EXCLUDED.email_confirmed_at, raw_user_meta_data = EXCLUDED.raw_user_meta_data;
INSERT INTO auth.users (id, instance_id, email, encrypted_password, email_confirmed_at, raw_app_meta_data, raw_user_meta_data, created_at, updated_at, confirmation_sent_at, is_sso_user)
VALUES ('33333333-3333-3333-3333-333333333333', '00000000-0000-0000-0000-000000000000', 'publisher1@test.com', '$2b$10$XXXW0j9hDJSZ/3QEjUtTyeuxNQDPbmTlWASM678YXexwftNkk9iDK', now(), '{"provider":"email","providers":["email"]}', '{"display_name": "\u0646\u0627\u0634\u0631 \u062a\u0633\u062a"}', now(), now(), now(), false)
ON CONFLICT (id) DO UPDATE SET encrypted_password = EXCLUDED.encrypted_password, email_confirmed_at = EXCLUDED.email_confirmed_at, raw_user_meta_data = EXCLUDED.raw_user_meta_data;
INSERT INTO auth.users (id, instance_id, email, encrypted_password, email_confirmed_at, raw_app_meta_data, raw_user_meta_data, created_at, updated_at, confirmation_sent_at, is_sso_user)
VALUES ('44444444-4444-4444-4444-444444444444', '00000000-0000-0000-0000-000000000000', 'editor1@test.com', '$2b$10$XXXW0j9hDJSZ/3QEjUtTyeuxNQDPbmTlWASM678YXexwftNkk9iDK', now(), '{"provider":"email","providers":["email"]}', '{"display_name": "\u0627\u062f\u06cc\u062a\u0648\u0631 \u062a\u0633\u062a"}', now(), now(), now(), false)
ON CONFLICT (id) DO UPDATE SET encrypted_password = EXCLUDED.encrypted_password, email_confirmed_at = EXCLUDED.email_confirmed_at, raw_user_meta_data = EXCLUDED.raw_user_meta_data;

-- auth identities (new Supabase requires provider_id and unique (provider, provider_id))
INSERT INTO auth.identities (id, user_id, provider_id, identity_data, provider, last_sign_in_at, created_at, updated_at)
VALUES ('11111111-1111-1111-1111-111111111111', '11111111-1111-1111-1111-111111111111', '11111111-1111-1111-1111-111111111111', '{"sub":"11111111-1111-1111-1111-111111111111","email":"user1@test.com"}', 'email', now(), now(), now())
ON CONFLICT (id) DO NOTHING;
INSERT INTO auth.identities (id, user_id, provider_id, identity_data, provider, last_sign_in_at, created_at, updated_at)
VALUES ('22222222-2222-2222-2222-222222222222', '22222222-2222-2222-2222-222222222222', '22222222-2222-2222-2222-222222222222', '{"sub":"22222222-2222-2222-2222-222222222222","email":"user2@test.com"}', 'email', now(), now(), now())
ON CONFLICT (id) DO NOTHING;
INSERT INTO auth.identities (id, user_id, provider_id, identity_data, provider, last_sign_in_at, created_at, updated_at)
VALUES ('33333333-3333-3333-3333-333333333333', '33333333-3333-3333-3333-333333333333', '33333333-3333-3333-3333-333333333333', '{"sub":"33333333-3333-3333-3333-333333333333","email":"publisher1@test.com"}', 'email', now(), now(), now())
ON CONFLICT (id) DO NOTHING;
INSERT INTO auth.identities (id, user_id, provider_id, identity_data, provider, last_sign_in_at, created_at, updated_at)
VALUES ('44444444-4444-4444-4444-444444444444', '44444444-4444-4444-4444-444444444444', '44444444-4444-4444-4444-444444444444', '{"sub":"44444444-4444-4444-4444-444444444444","email":"editor1@test.com"}', 'email', now(), now(), now())
ON CONFLICT (id) DO NOTHING;

-- profiles
INSERT INTO public.profiles (id, display_name, username) VALUES ('11111111-1111-1111-1111-111111111111', 'کاربر تست ۱', 'user1') ON CONFLICT (id) DO UPDATE SET display_name = EXCLUDED.display_name;
INSERT INTO public.profiles (id, display_name, username) VALUES ('22222222-2222-2222-2222-222222222222', 'کاربر تست ۲', 'user2') ON CONFLICT (id) DO UPDATE SET display_name = EXCLUDED.display_name;
INSERT INTO public.profiles (id, display_name, username) VALUES ('33333333-3333-3333-3333-333333333333', 'ناشر تست', 'publisher1') ON CONFLICT (id) DO UPDATE SET display_name = EXCLUDED.display_name;
INSERT INTO public.profiles (id, display_name, username) VALUES ('44444444-4444-4444-4444-444444444444', 'ادیتور تست', 'editor1') ON CONFLICT (id) DO UPDATE SET display_name = EXCLUDED.display_name;

-- user roles
INSERT INTO public.user_roles (user_id, role) VALUES ('11111111-1111-1111-1111-111111111111', 'user') ON CONFLICT (user_id, role) DO NOTHING;
INSERT INTO public.user_roles (user_id, role) VALUES ('22222222-2222-2222-2222-222222222222', 'user') ON CONFLICT (user_id, role) DO NOTHING;
INSERT INTO public.user_roles (user_id, role) VALUES ('33333333-3333-3333-3333-333333333333', 'user') ON CONFLICT (user_id, role) DO NOTHING;
INSERT INTO public.user_roles (user_id, role) VALUES ('33333333-3333-3333-3333-333333333333', 'publisher') ON CONFLICT (user_id, role) DO NOTHING;
INSERT INTO public.user_roles (user_id, role) VALUES ('44444444-4444-4444-4444-444444444444', 'user') ON CONFLICT (user_id, role) DO NOTHING;
INSERT INTO public.user_roles (user_id, role) VALUES ('44444444-4444-4444-4444-444444444444', 'editor') ON CONFLICT (user_id, role) DO NOTHING;

-- publisher profiles
INSERT INTO public.publisher_profiles (user_id, display_name, slug, bio, theme, is_trusted, is_active)
VALUES ('33333333-3333-3333-3333-333333333333', 'نشر آفتاب', 'publisher1', 'ناشر آزمایشی برای دموی سامانه', 'paper', true, true)
ON CONFLICT (user_id) DO UPDATE SET display_name = EXCLUDED.display_name;

-- platform fee settings
INSERT INTO public.platform_fee_settings (id, book_purchase_mode, book_purchase_value, editor_order_mode, editor_order_value, publisher_signup_mode, publisher_signup_value, book_publish_mode, book_publish_value, ai_text_suggest_cost, ai_image_gen_cost, ai_text_suggest_usd, ai_image_gen_usd, credits_per_toman) VALUES (1, 'percent', 10, 'percent', 10, 'fixed', 200, 'fixed', 50, 2, 10, 0.002, 0.04, 10) ON CONFLICT (id) DO NOTHING;

-- sms settings
INSERT INTO public.sms_settings (id, provider, enabled, tpl_approval, tpl_revenue, tpl_credit, tpl_purchase) VALUES (1, 'kavenegar', false, 'فرابوک: {title} - {body}', 'فرابوک: {amount} اعتبار درآمد از فروش «{title}» (سهم {role}) به حساب شما اضافه شد.', 'فرابوک: {amount} اعتبار به حساب شما اضافه شد. مانده: {balance}', 'فرابوک: خرید «{title}» با موفقیت انجام شد. {cost} اعتبار کسر شد. مانده: {balance}') ON CONFLICT (id) DO NOTHING;

-- comment moderation settings
INSERT INTO public.comment_moderation_settings (id, auto_hide, block_links, block_mentions, sensitive_words) VALUES (1, true, true, false, ARRAY['کلاهبردار','فحش','احمق','لعنت','حرومزاده','کصافط','کصافت','کیر','کس','جنده']) ON CONFLICT (id) DO NOTHING;

-- books
DELETE FROM public.books WHERE publisher_id IN ('11111111-1111-1111-1111-111111111111','22222222-2222-2222-2222-222222222222','33333333-3333-3333-3333-333333333333','44444444-4444-4444-4444-444444444444');
INSERT INTO public.books (id, title, author, category, price, publisher_id, status, review_status, pages, slug, language, book_type, comments_enabled, first_published_paid, publish_complexity_factor)
VALUES ('11111111-1111-1111-1111-000000000001', 'فیزیک کوانتوم برای همه', 'دکتر علی احمدی', 'علمی', 45, '33333333-3333-3333-3333-333333333333', 'published', 'approved', '[{"title": "مقدمه", "blocks": [{"type": "text", "content": "فیزیک کوانتوم شاخه‌ای از فیزیک است که به بررسی رفتار ذرات در مقیاس‌های اتمی و زیراتمی می‌پردازد. این کتاب با زبانی ساده مفاهیم پیچیده کوانتومی را توضیح می‌دهد تا هر علاقه‌مندی بتواند به دنیای شگفت‌انگیز ذرات وارد شود و از زیبایی‌های این علم لذت ببرد."}]}, {"title": "ذره و موج", "blocks": [{"type": "image", "url": "/seed-images/quantum1.svg", "caption": "رفتار دوگانه ذرات", "hotspots": [{"x": 30, "y": 40, "label": "موج", "description": "رفتار موجی الکترون"}, {"x": 70, "y": 50, "label": "ذره", "description": "رفتار ذره‌ای در آشکارساز"}]}]}, {"title": "اصل عدم قطعیت", "blocks": [{"type": "text", "content": "اصل عدم قطعیت هایزنبرگ یکی از ستون‌های فیزیک کوانتوم است. این اصل بیان می‌کند که نمی‌توان همزمان موقعیت و تکانه یک ذره را با دقت بی‌نهایت اندازه‌گیری کرد. هر چه دقت اندازه‌گیری موقعیت بیشتر باشد، عدم قطعیت در تکانه بیشتر خواهد بود و بالعکس."}]}, {"title": "نکته مهم", "blocks": [{"type": "callout", "content": "اصل عدم قطعیت یک محدودیت ذاتی طبیعت است نه محدودیت فناوری اندازه‌گیری.", "style": "warning"}]}, {"title": "درهم‌تنیدگی", "blocks": [{"type": "text", "content": "درهم‌تنیدگی کوانتومی پدیده‌ای شگفت‌انگیز است که در آن دو ذره به گونه‌ای با یکدیگر مرتبط می‌شوند که تغییر حالت یکی فوراً بر دیگری اثر می‌گذارد حتی اگر در فواصل دور از هم باشند. این پدیده توسط انیشتین «عمل شبح‌وار دور» نامیده شد."}]}]'::jsonb, 'book-1', 'fa', 'authored', true, true, 1)
ON CONFLICT (id) DO UPDATE SET title = EXCLUDED.title, author = EXCLUDED.author, pages = EXCLUDED.pages;
INSERT INTO public.books (id, title, author, category, price, publisher_id, status, review_status, pages, slug, language, book_type, comments_enabled, first_published_paid, publish_complexity_factor)
VALUES ('11111111-1111-1111-1111-000000000002', 'زیست‌شناسی سلولی', 'دکتر مریم رضایی', 'علمی', 38, '33333333-3333-3333-3333-333333333333', 'published', 'approved', '[{"title": "سلول زنده", "blocks": [{"type": "text", "content": "سلول کوچک‌ترین واحد ساختاری و عملکردی همه موجودات زنده است. هر سلول مانند یک کارخانه کوچک عمل می‌کند که در آن هزاران واکنش شیمیایی به طور همزمان در حال انجام است. غشای سلولی مانند یک نگهبان هوشمند، مواد مورد نیاز را وارد و مواد زائد را خارج می‌کند."}]}, {"title": "اندامک‌ها", "blocks": [{"type": "gallery", "images": [{"url": "/seed-images/cell1.svg", "caption": ""}, {"url": "/seed-images/cell2.svg", "caption": ""}, {"url": "/seed-images/cell3.svg", "caption": ""}]}]}, {"title": "میتوکندری", "blocks": [{"type": "text", "content": "میتوکندری نیروگاه سلول نامیده می‌شود. این اندامک کوچک و بیضی‌شکل، انرژی شیمیایی موجود در مواد غذایی را به انرژی قابل استفاده برای سلول تبدیل می‌کند. هر سلول ممکن است صدها تا هزاران میتوکندری داشته باشد بسته به میزان نیاز آن به انرژی."}]}, {"title": "مقایسه سلول‌ها", "blocks": [{"type": "table", "headers": ["ویژگی", "جانوری", "گیاهی"], "rows": [["دیواره سلولی", "ندارد", "دارد"], ["کلروپلاست", "ندارد", "دارد"], ["انبار نشاسته", "ندارد", "دارد"], ["ماده ژلاتینی", "اندک", "فراوان"]]}]}, {"title": "دانستنی", "blocks": [{"type": "callout", "content": "DNA انسان اگر باز شود، به اندازه فاصله زمین تا خورشید و حتی بیشتر طول خواهد داشت!", "style": "info"}]}]'::jsonb, 'book-2', 'fa', 'authored', true, true, 1)
ON CONFLICT (id) DO UPDATE SET title = EXCLUDED.title, author = EXCLUDED.author, pages = EXCLUDED.pages;
INSERT INTO public.books (id, title, author, category, price, publisher_id, status, review_status, pages, slug, language, book_type, comments_enabled, first_published_paid, publish_complexity_factor)
VALUES ('11111111-1111-1111-1111-000000000003', 'نجوم مقدماتی', 'دکتر حسن محمدی', 'علمی', 32, '33333333-3333-3333-3333-333333333333', 'published', 'approved', '[{"title": "آسمان شب", "blocks": [{"type": "text", "content": "نجوم قدیمی‌ترین علم است. انسان‌ها از هزاران سال پیش به آسمان نگاه می‌کردند و الگوهای ستارگان را رصد می‌کردند. این کتاب شما را به سفری در فضا می‌برد تا با سیاره‌ها، ستارگان، کهکشان‌ها و پدیده‌های عمیق جهان آشنا شوید."}]}, {"title": "سیارات", "blocks": [{"type": "slideshow", "slides": [{"url": "/seed-images/planet1.svg", "caption": ""}, {"url": "/seed-images/planet2.svg", "caption": ""}, {"url": "/seed-images/planet3.svg", "caption": ""}]}]}, {"title": "تاریخچه کشفیات", "blocks": [{"type": "timeline", "events": [{"year": "1543", "title": "مدل هلیوسنتریک", "description": "کپرنیک نظریه مرکزیت خورشید را مطرح کرد"}, {"year": "1609", "title": "تلسکوپ گالیله", "description": "گالیله با تلسکوپ خود حلقه‌های زحل را کشف کرد"}, {"year": "1687", "title": "قانون گرانش", "description": "نیوتون قوانین حرکت و گرانش جهانی را منتشر کرد"}, {"year": "1995", "title": "کشف سیاره فراخورشیدی", "description": "اولین سیاره خارج از منظومه شمسی کشف شد"}]}]}, {"title": "سیاه‌چاله‌ها", "blocks": [{"type": "text", "content": "سیاه‌چاله منطقه‌ای از فضازمان است که گرانش آن آنقدر قوی است که هیچ چیز حتی نور نمی‌تواند از آن فرار کند. مرز سیاه‌چاله «افق رویداد» نامیده می‌شود. زمان در نزدیکی یک سیاه‌چاله بسیار کندتر سپری می‌شود."}]}, {"title": "نکته", "blocks": [{"type": "callout", "content": "ستارگان پرجرم در پایان عمر خود می‌توانند به سیاه‌چاله تبدیل شوند.", "style": "warning"}]}]'::jsonb, 'book-3', 'fa', 'authored', true, true, 1)
ON CONFLICT (id) DO UPDATE SET title = EXCLUDED.title, author = EXCLUDED.author, pages = EXCLUDED.pages;
INSERT INTO public.books (id, title, author, category, price, publisher_id, status, review_status, pages, slug, language, book_type, comments_enabled, first_published_paid, publish_complexity_factor)
VALUES ('11111111-1111-1111-1111-000000000004', 'شیمی آلی', 'دکتر سارا کریمی', 'علمی', 40, '33333333-3333-3333-3333-333333333333', 'published', 'approved', '[{"title": "مولکول‌های زندگی", "blocks": [{"type": "text", "content": "شیمی آلی شاخه‌ای از شیمی است که به مطالعه ترکیبات کربن می‌پردازد. از DNA گرفته تا پلاستیک، از داروها گرفته تا رنگ‌ها، همه با شیمی آلی سر و کار دارند. این کتاب پایه‌های شیمی آلی را با مثال‌های کاربردی توضیح می‌دهد."}]}, {"title": "ساختار بنزن", "blocks": [{"type": "image", "url": "/seed-images/benzene.svg", "caption": "حلقه بنزن، سنگ بنای شیمی آلی", "hotspots": [{"x": 50, "y": 50, "label": "کربن", "description": "اتم کربن در حلقه بنزن"}]}]}, {"title": "هیدروکربن‌ها", "blocks": [{"type": "text", "content": "هیدروکربن‌ها ساده‌ترین ترکیبات آلی هستند که فقط از کربن و هیدروژن تشکیل شده‌اند. آلکان‌ها، آلکن‌ها و آلکین‌ها سه گروه اصلی هیدروکربن‌ها هستند. هر کدام ویژگی‌های شیمیایی منحصربه‌فردی دارند که در صنایع مختلف کاربرد فراوان دارند."}]}, {"title": "انواع هیدروکربن", "blocks": [{"type": "table", "headers": ["گروه", "پیوند", "فرمول"], "rows": [["آلکان", "تک", "CₙH₂ₙ₊₂"], ["آلکن", "دو", "CₙH₂ₙ"], ["آلکین", "سه", "CₙH₂ₙ₋₂"]]}]}, {"title": "کاربرد", "blocks": [{"type": "callout", "content": "پلی‌اتیلن پرمصرف‌ترین پلاستیک جهان است که از پلیمریزاسیون اتیلن به دست می‌آید.", "style": "info"}]}]'::jsonb, 'book-4', 'fa', 'authored', true, true, 1)
ON CONFLICT (id) DO UPDATE SET title = EXCLUDED.title, author = EXCLUDED.author, pages = EXCLUDED.pages;
INSERT INTO public.books (id, title, author, category, price, publisher_id, status, review_status, pages, slug, language, book_type, comments_enabled, first_published_paid, publish_complexity_factor)
VALUES ('11111111-1111-1111-1111-000000000005', 'هوش مصنوعی و آینده', 'دکتر رضا نوری', 'علمی', 55, '33333333-3333-3333-3333-333333333333', 'published', 'approved', '[{"title": "مقدمه بر AI", "blocks": [{"type": "text", "content": "هوش مصنوعی تلاش برای ساخت ماشین‌هایی است که بتوانند کارهایی را انجام دهند که normally به هوش انسانی نیاز دارند. از تشخیص تصویر گرفته تا پردازش زبان طبیعی، AI در حال تغییر دنیای ماست. این کتاب به بررسی تکنیک‌ها و آینده این فناوری می‌پردازد."}]}, {"title": "شبکه عصبی", "blocks": [{"type": "image", "url": "/seed-images/neural.svg", "caption": "معماری شبکه عصبی عمیق", "hotspots": [{"x": 40, "y": 30, "label": "لایه ورودی", "description": "دریافت داده‌های خام"}, {"x": 60, "y": 50, "label": "لایه پنهان", "description": "پردازش ویژگی‌ها"}]}]}, {"title": "یادگیری عمیق", "blocks": [{"type": "text", "content": "یادگیری عمیق زیرمجموعه‌ای از یادگیری ماشین است که از شبکه‌های عصبی با لایه‌های متعدد استفاده می‌کند. این مدل‌ها می‌توانند ویژگی‌های پیچیده را به طور خودکار از داده‌های خام استخراج کنند و در کارهایی مانند ترجمه ماشینی و رانندگی خودکار عملکرد فوق‌العاده‌ای دارند."}]}, {"title": "هشدار اخلاقی", "blocks": [{"type": "callout", "content": "توسعه AI باید با در نظر گرفتن مسائل اخلاقی، حریم خصوصی و عدالت اجتماعی صورت گیرد.", "style": "warning"}]}, {"title": "تکامل AI", "blocks": [{"type": "timeline", "events": [{"year": "1956", "title": "تولد AI", "description": "کنفرارت دارتموث اصطلاح AI را معرفی کرد"}, {"year": "1997", "title": "دیپ بلو", "description": "کامپیوتر گری کاسپاروف را در شطرنج شکست داد"}, {"year": "2012", "title": "انقلاب عمیق", "description": "الکس‌نت در ImageNet پیروز شد"}, {"year": "2022", "title": "ChatGPT", "description": "مدل‌های زبانی بزرگ به شهرت جهانی رسیدند"}]}]}]'::jsonb, 'book-5', 'fa', 'authored', true, true, 1)
ON CONFLICT (id) DO UPDATE SET title = EXCLUDED.title, author = EXCLUDED.author, pages = EXCLUDED.pages;
INSERT INTO public.books (id, title, author, category, price, publisher_id, status, review_status, pages, slug, language, book_type, comments_enabled, first_published_paid, publish_complexity_factor)
VALUES ('11111111-1111-1111-1111-000000000006', 'ایران در گذر تاریخ', 'دکتر محمد طاهری', 'فرهنگی', 42, '33333333-3333-3333-3333-333333333333', 'published', 'approved', '[{"title": "تمدن کهن", "blocks": [{"type": "text", "content": "ایران سرزمینی است با تاریخی هفت هزار ساله. از تمدن ایلام و جیرفت تا شکوه هخامنشیان و پارتی‌ها، این سرزمین همواره یکی از کانون‌های تمدن بشری بوده است. فرهنگ، هنر، معماری و ادبیات ایرانی تأثیر عمیقی بر تمدن‌های همسایه و جهان گذاشته است."}]}, {"title": "آثار باستانی", "blocks": [{"type": "gallery", "images": [{"url": "/seed-images/iran1.svg", "caption": ""}, {"url": "/seed-images/iran2.svg", "caption": ""}, {"url": "/seed-images/iran3.svg", "caption": ""}]}]}, {"title": "عصر هخامنشی", "blocks": [{"type": "text", "content": "امپراتوری هخامنشی بزرگ‌ترین امپراتوری جهان باستان بود که از مصر تا آسیای مرکزی و از یونان تا هندوستان گسترده بود. کوروش کبیر بنیان‌گذار این امپراتوری بود که با منشور حقوق بشر خود، نماد تسامح و آزادی در تاریخ شد."}]}, {"title": "خط زمانی", "blocks": [{"type": "timeline", "events": [{"year": "3200 ق.م", "title": "تمدن ایلام", "description": "تمدن کهن ایلام در غرب ایران شکل گرفت"}, {"year": "550 ق.م", "title": "هخامنشیان", "description": "کوروش امپراتوری بزرگ هخامنشی را بنیان نهاد"}, {"year": "247 ق.م", "title": "اشکانیان", "description": "پارتی‌ها قدرت را در ایران به دست گرفتند"}, {"year": "224 م", "title": "ساسانیان", "description": "اردشیر بابکان ساسانیان را تأسیس کرد"}]}]}]'::jsonb, 'book-6', 'fa', 'authored', true, true, 1)
ON CONFLICT (id) DO UPDATE SET title = EXCLUDED.title, author = EXCLUDED.author, pages = EXCLUDED.pages;
INSERT INTO public.books (id, title, author, category, price, publisher_id, status, review_status, pages, slug, language, book_type, comments_enabled, first_published_paid, publish_complexity_factor)
VALUES ('11111111-1111-1111-1111-000000000007', 'هنر و ادبیات فارسی', 'دکتر لیلا موسوی', 'فرهنگی', 35, '33333333-3333-3333-3333-333333333333', 'published', 'approved', '[{"title": "شعر پارسی", "blocks": [{"type": "text", "content": "ادبیات فارسی یکی از غنی‌ترین ادبیات جهان است. از رودکی و فردوسی گرفته تا حافظ و سعدی و مولانا، شاعران ایرانی با آثار جاودانه خود، زیبایی‌های زبان فارسی را به اوج رسانده‌اند. این کتاب به معرفی سبک‌ها و دستاوردهای شعر و نثر فارسی می‌پردازد."}]}, {"title": "خوشنویسی", "blocks": [{"type": "image", "url": "/seed-images/calligraphy.svg", "caption": "هنر خوشنویسی فارسی", "hotspots": [{"x": 50, "y": 50, "label": "نسخ", "description": "خط نسخ، ملکه خطوط اسلامی"}]}]}, {"title": "فردوسی و شاهنامه", "blocks": [{"type": "text", "content": "حکیم ابوالقاسم فردوسی با سرودن شاهنامه، حماسه ملی ایران را برای همیشه زنده نگه داشت. شاهنامه بزرگ‌ترین کتاب سروده شده به یک زبان است و حماسه‌ای است از تولد تا مرگ امپراتوری ساسانی."}]}, {"title": "غزل حافظ", "blocks": [{"type": "callout", "content": "«اگر آن ترک شیرازی به دل ما راه دهد...» یکی از مشهورترین غزلیات حافظ است که جهانیان آن را می‌شناسند.", "style": "info"}]}]'::jsonb, 'book-7', 'fa', 'authored', true, true, 1)
ON CONFLICT (id) DO UPDATE SET title = EXCLUDED.title, author = EXCLUDED.author, pages = EXCLUDED.pages;
INSERT INTO public.books (id, title, author, category, price, publisher_id, status, review_status, pages, slug, language, book_type, comments_enabled, first_published_paid, publish_complexity_factor)
VALUES ('11111111-1111-1111-1111-000000000008', 'فرهنگ عامه ایران', 'دکتر پریسا امینی', 'فرهنگی', 28, '33333333-3333-3333-3333-333333333333', 'published', 'approved', '[{"title": "سنت‌ها و آیین‌ها", "blocks": [{"type": "text", "content": "فرهنگ عامه شامل باورها، رسوم، داستان‌های عامیانه، ضرب‌المثل‌ها و بازی‌های سنتی است که از نسلی به نسل دیگر منتقل شده است. این کتاب به جستجوی ریشه‌های فرهنگ مردمی ایران در جشن‌ها، مراسم و سنت‌های روزمره می‌پردازد."}]}, {"title": "جشن‌های ایرانی", "blocks": [{"type": "gallery", "images": [{"url": "/seed-images/nowruz.svg", "caption": ""}, {"url": "/seed-images/yalda.svg", "caption": ""}, {"url": "/seed-images/chaharshanbe.svg", "caption": ""}]}]}, {"title": "نوروز", "blocks": [{"type": "text", "content": "نوروز کهن‌ترین جشن جهان است که با ورود بهار و تحویل سال نو جشن گرفته می‌شود. خانه‌تکانی، چیدن سفره هفت سین، دید و بازدید و عیدی دادن از رسوم اصلی این جشن هستند. نوروز در سال ۲۰۰۹ در فهرست میراث فرهنگی ناملموس یونسکو ثبت شد."}]}, {"title": "جشن‌های اصلی", "blocks": [{"type": "table", "headers": ["جشن", "زمان", "نماد"], "rows": [["نوروز", "اول فروردین", "تولد دوباره طبیعت"], ["یلدا", "آخر آذر", "پیروزی نور بر تاریکی"], ["چهارشنبه‌سوری", "آخر سال", "آتش و شادی"], ["مهرگان", "۱۶ مهر", "دوستی و مهربانی"]]}]}]'::jsonb, 'book-8', 'fa', 'authored', true, true, 1)
ON CONFLICT (id) DO UPDATE SET title = EXCLUDED.title, author = EXCLUDED.author, pages = EXCLUDED.pages;
INSERT INTO public.books (id, title, author, category, price, publisher_id, status, review_status, pages, slug, language, book_type, comments_enabled, first_published_paid, publish_complexity_factor)
VALUES ('11111111-1111-1111-1111-000000000009', 'معماری اسلامی', 'دکتر امیر حسینی', 'فرهنگی', 48, '33333333-3333-3333-3333-333333333333', 'published', 'approved', '[{"title": "هنر معماری", "blocks": [{"type": "text", "content": "معماری اسلامی ایران یکی از شاخص‌ترین سبک‌های معماری جهان است. مساجد، مدارس، کاروانسراها و باغ‌های ایرانی همگی نمادی از هماهنگی بین هنر، طبیعت و معنویت هستند. گنبد، مناره، ایوان و کاشی‌کاری از عناصر اصلی این سبک معماری هستند."}]}, {"title": "شاهکارهای معماری", "blocks": [{"type": "slideshow", "slides": [{"url": "/seed-images/arch1.svg", "caption": ""}, {"url": "/seed-images/arch2.svg", "caption": ""}, {"url": "/seed-images/arch3.svg", "caption": ""}]}]}, {"title": "مسجد امام اصفهان", "blocks": [{"type": "image", "url": "/seed-images/masjid.svg", "caption": "نمونه بی‌نظیر کاشی‌کاری", "hotspots": [{"x": 30, "y": 30, "label": "گنبد", "description": "گنبد فیروزه‌ای رنگ"}, {"x": 70, "y": 60, "label": "مناره", "description": "مناره‌های قرینه"}]}]}, {"title": "باغ ایرانی", "blocks": [{"type": "text", "content": "باغ ایرانی نماد بهشت بر روی زمین است. چهارباغ، آب و درختان مرکز آن را تشکیل می‌دهند. باغ‌های کاشان، شیراز و ماهان هنوز الهام‌بخش معماران جهان هستند."}]}]'::jsonb, 'book-9', 'fa', 'authored', true, true, 1)
ON CONFLICT (id) DO UPDATE SET title = EXCLUDED.title, author = EXCLUDED.author, pages = EXCLUDED.pages;
INSERT INTO public.books (id, title, author, category, price, publisher_id, status, review_status, pages, slug, language, book_type, comments_enabled, first_published_paid, publish_complexity_factor)
VALUES ('11111111-1111-1111-1111-000000000010', 'فوتبال تاکتیکی', 'علی کریمی', 'ورزشی', 30, '33333333-3333-3333-3333-333333333333', 'published', 'approved', '[{"title": "تاکتیک مدرن", "blocks": [{"type": "text", "content": "فوتبال امروز دیگر فقط سرعت و قدرت نیست. آنالیز داده‌ها، تاکتیک‌های پیچیده و سیستم‌های بازی متنوع، فوتبال را به یک علم تبدیل کرده‌اند. این کتاب به بررسی سیستم‌های ۴-۳-۳، ۳-۵-۲ و ۴-۲-۳-۱ می‌پردازد."}]}, {"title": "چیدمان تیم", "blocks": [{"type": "image", "url": "/seed-images/tactic.svg", "caption": "چیدمان ۴-۳-۳ هجومی", "hotspots": [{"x": 50, "y": 20, "label": "مهاجم", "description": "مهاجم نوک"}, {"x": 35, "y": 50, "label": "هافبک", "description": "هافبک کناری"}]}]}, {"title": "سیستم‌های محبوب", "blocks": [{"type": "table", "headers": ["سیستم", "نقاط قوت", "نقاط ضعف"], "rows": [["۴-۳-۳", "کنترل میانه", "آسیب‌پذیری کناری"], ["۳-۵-۲", "تراکمی مرکز", "نیاز به وینگ‌بک"], ["۴-۲-۳-۱", "تعادل", "پیچیدگی ارتباط"]]}]}, {"title": "پرسینگ", "blocks": [{"type": "text", "content": "پرسینگ یا فشار روی توپ یکی از تاکتیک‌های اصلی فوتبال مدرن است. تیم لیورپول تحت هدایت کلوپ و تیم منچسترسیتی تحت گواردیولا، دو نمونه برجسته از اجرای موفق پرسینگ هستند که بازی را در زمین حریف شکل می‌دهند."}]}, {"title": "نکته مربیگری", "blocks": [{"type": "callout", "content": "پرسینگ موفق نیازمند آمادگی بدنی بالا و هماهنگی تیمی است.", "style": "info"}]}]'::jsonb, 'book-10', 'fa', 'authored', true, true, 1)
ON CONFLICT (id) DO UPDATE SET title = EXCLUDED.title, author = EXCLUDED.author, pages = EXCLUDED.pages;
INSERT INTO public.books (id, title, author, category, price, publisher_id, status, review_status, pages, slug, language, book_type, comments_enabled, first_published_paid, publish_complexity_factor)
VALUES ('11111111-1111-1111-1111-000000000011', 'کشتی آزاد', 'رسول خادم', 'ورزشی', 25, '33333333-3333-3333-3333-333333333333', 'published', 'approved', '[{"title": "تاریخچه کشتی", "blocks": [{"type": "text", "content": "کشتی یکی از کهن‌ترین ورزش‌های جهان است که ریشه در تاریخ ایران دارد. ورزشگاه‌های پهلوانی، آیین‌های زورخانه و مراسم گلیم‌کش نشان از قدمت این ورزش در فرهنگ ایرانی دارد. این کتاب به تاریخ و تکنیک‌های کشتی آزاد و فرنگی می‌پردازد."}]}, {"title": "افتخارات", "blocks": [{"type": "gallery", "images": [{"url": "/seed-images/wrestle1.svg", "caption": ""}, {"url": "/seed-images/wrestle2.svg", "caption": ""}, {"url": "/seed-images/wrestle3.svg", "caption": ""}]}]}, {"title": "تکنیک‌های پایه", "blocks": [{"type": "text", "content": "کشتی آزاد شامل تکنیک‌های ایستاده و زمینی است. تاخت، ضربه آوردن، گردن‌گیری و خاک‌کردن از حرکات اصلی هستند. هر کشتی‌گیر باید در کنار قدرت بدنی، تاکتیک و زیرکی بالایی داشته باشد."}]}, {"title": "قهرمانان", "blocks": [{"type": "callout", "content": "حمید سوریان، حسن یزدانی و امیرحسین زارع از ستارگان کشتی ایران در دهه اخیر هستند.", "style": "info"}]}]'::jsonb, 'book-11', 'fa', 'authored', true, true, 1)
ON CONFLICT (id) DO UPDATE SET title = EXCLUDED.title, author = EXCLUDED.author, pages = EXCLUDED.pages;
INSERT INTO public.books (id, title, author, category, price, publisher_id, status, review_status, pages, slug, language, book_type, comments_enabled, first_published_paid, publish_complexity_factor)
VALUES ('11111111-1111-1111-1111-000000000012', 'دوچرخه‌سواری کوهستان', 'مهدی احمدی', 'ورزشی', 22, '33333333-3333-3333-3333-333333333333', 'published', 'approved', '[{"title": "شروع دوچرخه‌سواری", "blocks": [{"type": "text", "content": "دوچرخه‌سواری کوهستان یکی از هیجان‌انگیزترین ورزش‌ها است که ترکیبی از تمرین بدنی، شجاعت و عشق به طبیعت است. این کتاب راهنمای کاملی برای مبتدیان و حرفه‌ای‌هاست که از انتخاب دوچرخه تا تکنیک‌های حرفه‌ای سربالایی و سرپایینی را پوشش می‌دهد."}]}, {"title": "تجهیزات", "blocks": [{"type": "image", "url": "/seed-images/bike.svg", "caption": "دوچرخه کوهستان با کمک‌فنر", "hotspots": [{"x": 40, "y": 40, "label": "تایر", "description": "تایر آفرود"}, {"x": 60, "y": 30, "label": "ترمز", "description": "ترمز دیسکی"}]}]}, {"title": "تکنیک سربالایی", "blocks": [{"type": "text", "content": "در سربالایی، تعادل و توزیع صحیح وزن کلید اصلی است. باید روی زین بنشینید و نیرو را به صورت یکنواخت از طریق پدال‌ها منتقل کنید. دنده سبک‌تر و دور پدال بالاتر کمک می‌کند انرژی خود را مدیریت کنید."}]}, {"title": "ایمنی", "blocks": [{"type": "callout", "content": "همیشه کلاه ایمنی بپوشید و قبل از هر مسیر، دوچرخه خود را چک کنید.", "style": "warning"}]}]'::jsonb, 'book-12', 'fa', 'authored', true, true, 1)
ON CONFLICT (id) DO UPDATE SET title = EXCLUDED.title, author = EXCLUDED.author, pages = EXCLUDED.pages;
INSERT INTO public.books (id, title, author, category, price, publisher_id, status, review_status, pages, slug, language, book_type, comments_enabled, first_published_paid, publish_complexity_factor)
VALUES ('11111111-1111-1111-1111-000000000013', 'حسابان پیشرفته', 'دکتر حسن محمودی', 'ریاضی', 35, '33333333-3333-3333-3333-333333333333', 'published', 'approved', '[{"title": "محدود و پیوستگی", "blocks": [{"type": "text", "content": "حسابان شاخه‌ای از ریاضیات است که به مطالعه تغییرات می‌پردازد. مفاهیم حد، پیوستگی، مشتق و انتگرال ستون‌های این علم هستند. این کتاب با مثال‌های کاربردی از فیزیک و اقتصاد، درک عمیقی از حسابان ایجاد می‌کند."}]}, {"title": "نمودار تابع", "blocks": [{"type": "image", "url": "/seed-images/calc.svg", "caption": "نمودار تابع و مشتق", "hotspots": [{"x": 50, "y": 30, "label": "نقطه بحرانی", "description": "جایی که مشتق صفر است"}]}]}, {"title": "مشتق و کاربردها", "blocks": [{"type": "text", "content": "مشتق نرخ تغییرات یک تابع را اندازه می‌گیرد. با مشتق می‌توانیم نقاط بحرانی را پیدا کنیم، بیشینه و کمینه را تعیین کنیم و شکل نمودار را تحلیل کنیم. در فیزیک، مشتق مکان بر حسب زمان، سرعت و مشتق سرعت، شتاب است."}]}, {"title": "قوانین مشتق", "blocks": [{"type": "table", "headers": ["قانون", "فرمول"], "rows": [["توان", "d/dx xⁿ = n·xⁿ⁻¹"], ["ضرب ثابت", "d/dx c·f = c·f''"], ["جمع", "d/dx (f+g) = f''+g''"], ["حاصلضرب", "d/dx f·g = f''·g + f·g''"]]}]}, {"title": "کاربرد", "blocks": [{"type": "callout", "content": "شرکت‌ها از مشتق برای یافتن سطح تولید با بیشترین سود استفاده می‌کنند.", "style": "info"}]}]'::jsonb, 'book-13', 'fa', 'authored', true, true, 1)
ON CONFLICT (id) DO UPDATE SET title = EXCLUDED.title, author = EXCLUDED.author, pages = EXCLUDED.pages;
INSERT INTO public.books (id, title, author, category, price, publisher_id, status, review_status, pages, slug, language, book_type, comments_enabled, first_published_paid, publish_complexity_factor)
VALUES ('11111111-1111-1111-1111-000000000014', 'هندسه تحلیلی', 'دکتر فاطمه عباسی', 'ریاضی', 30, '33333333-3333-3333-3333-333333333333', 'published', 'approved', '[{"title": "صفحه مختصات", "blocks": [{"type": "text", "content": "هندسه تحلیلی هندسه را با جبر و معادلات ترکیب می‌کند. با تعریف نقاط به صورت مختصات عددی، می‌توان اشکال هندسی را با معادلات توصیف کرد. خط، دایره، بیضی، سهمی و هذلولی منحنی‌های مخروطی هستند که پایه فیزیک نجومی هستند."}]}, {"title": "مخروطی‌ها", "blocks": [{"type": "image", "url": "/seed-images/conic.svg", "caption": "منحنی‌های مخروطی", "hotspots": [{"x": 30, "y": 50, "label": "بیضی", "description": "بیضی: مجموع فاصله‌ها ثابت"}, {"x": 70, "y": 40, "label": "هذلولی", "description": "هذلولی: تفاضل فاصله‌ها ثابت"}]}]}, {"title": "معادله خط", "blocks": [{"type": "text", "content": "معادله عمومی خط در صفحه به صورت y = mx + b است که در آن m شیب و b عرض از مبدأ است. شیب خط نشان‌دهنده زاویه آن با محور افقی است و نقش مهمی در تعیین موقعیت نسبی خطوط دارد."}]}, {"title": "مخروطی‌ها", "blocks": [{"type": "table", "headers": ["منحنی", "معادله", "خراش"], "rows": [["دایره", "x²+y²=r²", "e=0"], ["بیضی", "x²/a²+y²/b²=1", "0<e<1"], ["سهمی", "y²=4px", "e=1"], ["هذلولی", "x²/a²-y²/b²=1", "e>1"]]}]}]'::jsonb, 'book-14', 'fa', 'authored', true, true, 1)
ON CONFLICT (id) DO UPDATE SET title = EXCLUDED.title, author = EXCLUDED.author, pages = EXCLUDED.pages;
INSERT INTO public.books (id, title, author, category, price, publisher_id, status, review_status, pages, slug, language, book_type, comments_enabled, first_published_paid, publish_complexity_factor)
VALUES ('11111111-1111-1111-1111-000000000015', 'آمار و احتمال', 'دکتر سمیه کاظمی', 'ریاضی', 28, '33333333-3333-3333-3333-333333333333', 'published', 'approved', '[{"title": "دنیای داده", "blocks": [{"type": "text", "content": "در عصر اطلاعات، آمار و احتمال ابزارهای ضروری برای تصمیم‌گیری هستند. از پیش‌بینی آب و هوا گرفته تا تحلیل بازار سهام و پزشکی شخصی‌سازی‌شده، همه جا از این علوم استفاده می‌شود. این کتاب مفاهیم پایه تا پیشرفته را پوشش می‌دهد."}]}, {"title": "توزیع نرمال", "blocks": [{"type": "image", "url": "/seed-images/stats.svg", "caption": "منحنی زنگوله‌ای", "hotspots": [{"x": 50, "y": 50, "label": "میانگین μ", "description": "مرکز توزیع"}, {"x": 70, "y": 30, "label": "انحراف معیار", "description": "پراکندگی داده‌ها"}]}]}, {"title": "احتمال شرطی", "blocks": [{"type": "text", "content": "احتمال شرطی احتمال وقوع یک رویداد را با فرض وقوع رویداد دیگر اندازه می‌گیرد. قضیه بیز یکی از مهم‌ترین ابزارها در استنتاج آماری است که اجازه می‌دهد باورهای خود را در مواجهه با شواهد جدید به‌روز کنیم."}]}, {"title": "پارادوکس تولد", "blocks": [{"type": "callout", "content": "در یک گروه ۲۳ نفره، احتمال اینکه حداقل دو نفر در یک روز تولد باشند بیش از ۵۰٪ است!", "style": "info"}]}, {"title": "میانگین‌ها", "blocks": [{"type": "table", "headers": ["نوع", "فرمول", "حساسیت"], "rows": [["حسابی", "Σx/n", "داده پرت"], ["هندسی", "Πx^(1/n)", "نرخ رشد"], ["میانه", "مرکز داده‌ها", "بسیار پایدار"]]}]}]'::jsonb, 'book-15', 'fa', 'authored', true, true, 1)
ON CONFLICT (id) DO UPDATE SET title = EXCLUDED.title, author = EXCLUDED.author, pages = EXCLUDED.pages;
INSERT INTO public.books (id, title, author, category, price, publisher_id, status, review_status, pages, slug, language, book_type, comments_enabled, first_published_paid, publish_complexity_factor)
VALUES ('11111111-1111-1111-1111-000000000016', 'فیزیک دبیرستان', 'دکتر احمد صادقی', 'درسی', 18, '33333333-3333-3333-3333-333333333333', 'published', 'approved', '[{"title": "مکانیک", "blocks": [{"type": "text", "content": "مکانیک شاخه‌ای از فیزیک است که به حرکت اجسام می‌پردازد. قوانین نیوتن سه قانون بنیادین حرکت هستند که جهان مادی را توضیح می‌دهند. این فصل با مثال‌های ساده و آزمایش‌های عملی، مفاهیم نیرو، شتاب و انرژی را آموزش می‌دهد."}]}, {"title": "سقوط آزاد", "blocks": [{"type": "image", "url": "/seed-images/physics1.svg", "caption": "شمشیر و پر", "hotspots": [{"x": 40, "y": 40, "label": "شتاب g", "description": "شتاب گرانش ≈ 9.8 m/s²"}]}]}, {"title": "قانون اول نیوتن", "blocks": [{"type": "text", "content": "هر جسم در حالت سکون یا حرکت یکنواخت باقی می‌ماند مگر آنکه نیرویی خارجی به آن وارد شود. این قانون مفهوم اینرسی را معرفی می‌کند. در واقع اجسام «تنبل» هستند و حالت خود را دوست دارند حفظ کنند."}]}, {"title": "قوانین نیوتن", "blocks": [{"type": "table", "headers": ["قانون", "خلاصه"], "rows": [["اول", "اینرسی"], ["دوم", "F=ma"], ["سوم", "کنش و واکنش"]]}]}, {"title": "آزمایش", "blocks": [{"type": "callout", "content": "قرار دادن سکه روی کاغذ روی لیوان و کشیدن ناگهانی کاغرد نشان‌دهنده اینرسی است.", "style": "info"}]}]'::jsonb, 'book-16', 'fa', 'authored', true, true, 1)
ON CONFLICT (id) DO UPDATE SET title = EXCLUDED.title, author = EXCLUDED.author, pages = EXCLUDED.pages;
INSERT INTO public.books (id, title, author, category, price, publisher_id, status, review_status, pages, slug, language, book_type, comments_enabled, first_published_paid, publish_complexity_factor)
VALUES ('11111111-1111-1111-1111-000000000017', 'شیمی دبیرستان', 'دکتر نازنین رحمانی', 'درسی', 16, '33333333-3333-3333-3333-333333333333', 'published', 'approved', '[{"title": "جدول تناوبی", "blocks": [{"type": "text", "content": "جدول تناوبی نقشه عناصر شیمیایی است که بر اساس عدد اتمی و خواص شیمیایی مرتب شده‌اند. عناصر در گروه‌ها و دوره‌هایی قرار دارند که ویژگی‌های مشترکی دارند. فلزات در سمت چپ، نافلزات در سمت راست و شبه‌فلزات در وسط قرار دارند."}]}, {"title": "جدول مندلیف", "blocks": [{"type": "image", "url": "/seed-images/chem1.svg", "caption": "جدول تناوبی عناصر", "hotspots": [{"x": 20, "y": 50, "label": "فلزات قلیایی", "description": "گروه یک، بسیار واکنش‌پذیر"}, {"x": 80, "y": 50, "label": "گازهای نجیب", "description": "گروه ۱۸، بسیار پایدار"}]}]}, {"title": "پیوند شیمیایی", "blocks": [{"type": "text", "content": "اتم‌ها برای رسیدن به پیکره پایدار، با یکدیگر پیوند برقرار می‌کنند. پیوند یونی از جاذبه الکترواستاتیکی بین یون‌های مثبت و منفی، پیوند کووالانسی از اشتراک الکترون‌ها و پیوند فلزی از الکترون‌های آزاد در شبکه فلزی تشکیل می‌شود."}]}, {"title": "انواع پیوند", "blocks": [{"type": "table", "headers": ["نوع", "مثال", "رسانایی"], "rows": [["یونی", "NaCl", "در آب"], ["کووالانسی", "H₂O", "ضعیف"], ["فلزی", "Cu", "بالا"], ["هیدروژنی", "DNA", "خاص"]]}]}]'::jsonb, 'book-17', 'fa', 'authored', true, true, 1)
ON CONFLICT (id) DO UPDATE SET title = EXCLUDED.title, author = EXCLUDED.author, pages = EXCLUDED.pages;
INSERT INTO public.books (id, title, author, category, price, publisher_id, status, review_status, pages, slug, language, book_type, comments_enabled, first_published_paid, publish_complexity_factor)
VALUES ('11111111-1111-1111-1111-000000000018', 'ریاضی پیش‌دانشگاهی', 'دکتر کامران لطفی', 'درسی', 20, '33333333-3333-3333-3333-333333333333', 'published', 'approved', '[{"title": "توابع نمایی", "blocks": [{"type": "text", "content": "توابع نمایی توابعی به صورت f(x)=aˣ هستند که در مدل‌سازی رشد جمعیت، واپاشی رادیواکتیو و بهره مرکب کاربرد فراوان دارند. پایه e≈2.71828 توابع نموی طبیعی است که در حسابان نقش کلیدی دارد."}]}, {"title": "نمودار نمایی", "blocks": [{"type": "image", "url": "/seed-images/exp.svg", "caption": "رشد نمایی در مقابل خطی", "hotspots": [{"x": 30, "y": 60, "label": "نمایی", "description": "رشد فزاینده"}, {"x": 70, "y": 40, "label": "خطی", "description": "رشد ثابت"}]}]}, {"title": "مثلثات", "blocks": [{"type": "text", "content": "مثلثات رابطه بین زوایا و اضلاع مثلث را مطالعه می‌کند. سینوس، کسینوس و تانژانت سه نسبت مثلثاتی اصلی هستند که در فیزیک، مهندسی و نجوم کاربرد دارند. واحد رادیان واحد طبیعی زاویه در ریاضیات پیشرفته است."}]}, {"title": "ارزش‌های خاص", "blocks": [{"type": "table", "headers": ["زاویه", "sin", "cos", "tan"], "rows": [["۰", "0", "1", "0"], ["π/6", "1/2", "√3/2", "√3/3"], ["π/4", "√2/2", "√2/2", "1"], ["π/3", "√3/2", "1/2", "√3"], ["π/2", "1", "0", "∞"]]}]}, {"title": "فرمول اویلر", "blocks": [{"type": "callout", "content": "e^(iπ) + 1 = 0 زیباترین معادله ریاضی است که پنج ثابت مهم را به هم پیوند می‌دهد.", "style": "info"}]}]'::jsonb, 'book-18', 'fa', 'authored', true, true, 1)
ON CONFLICT (id) DO UPDATE SET title = EXCLUDED.title, author = EXCLUDED.author, pages = EXCLUDED.pages;
INSERT INTO public.books (id, title, author, category, price, publisher_id, status, review_status, pages, slug, language, book_type, comments_enabled, first_published_paid, publish_complexity_factor)
VALUES ('11111111-1111-1111-1111-000000000019', 'زیست‌شناسی دبیرستان', 'دکتر مهشاد قاسمی', 'درسی', 17, '33333333-3333-3333-3333-333333333333', 'published', 'approved', '[{"title": "سلول", "blocks": [{"type": "text", "content": "زیست‌شناسی علم مطالعه حیات است. همه موجودات زنده از سلول تشکیل شده‌اند. سلول‌های یوکاریوتی دارای هسته و اندامک‌های غشایی هستند در حالی که پروکاریوتی‌ها ساده‌ترند. این فصل ساختار و عملکرد سلول را معرفی می‌کند."}]}, {"title": "اندامک‌ها", "blocks": [{"type": "gallery", "images": [{"url": "/seed-images/bio1.svg", "caption": ""}, {"url": "/seed-images/bio2.svg", "caption": ""}, {"url": "/seed-images/bio3.svg", "caption": ""}]}]}, {"title": "DNA و وراثت", "blocks": [{"type": "text", "content": "DNA مولکول حامل اطلاعات ژنتیکی است که از نوکلئوتیدهای A، T، C و G تشکیل شده. ساختار مارپیچ دوگانه واتسون-کریک انقلابی در زیست‌شناسی بود. ژن‌ها قطعاتی از DNA هستند که پروتئین‌های خاصی را کد می‌کنند."}]}, {"title": "کشف", "blocks": [{"type": "callout", "content": "رزالیند فرانکلین تصاویر اشعه ایکس DNA را تهیه کرد که کلید کشف ساختار دوگانه بود.", "style": "info"}]}]'::jsonb, 'book-19', 'fa', 'authored', true, true, 1)
ON CONFLICT (id) DO UPDATE SET title = EXCLUDED.title, author = EXCLUDED.author, pages = EXCLUDED.pages;
INSERT INTO public.books (id, title, author, category, price, publisher_id, status, review_status, pages, slug, language, book_type, comments_enabled, first_published_paid, publish_complexity_factor)
VALUES ('11111111-1111-1111-1111-000000000020', 'پزشکی خانواده', 'دکتر محمدرضا قاسمی', 'پزشکی', 38, '33333333-3333-3333-3333-333333333333', 'published', 'approved', '[{"title": "سلامت خانواده", "blocks": [{"type": "text", "content": "پزشکی خانواده شاخه‌ای از پزشکی است که به ارائه مراقبت جامع برای همه اعضای خانواده می‌پردازد. این کتاب به پیشگیری از بیماری‌ها، تغذیه سالم، ورزش منظم، خواب کافی و مدیریت استرس برای حفظ سلامت خانواده می‌پردازد."}]}, {"title": "سلامت", "blocks": [{"type": "image", "url": "/seed-images/health.svg", "caption": "سبک زندگی سالم", "hotspots": [{"x": 30, "y": 40, "label": "تغذیه", "description": "میوه و سبزیجات"}, {"x": 70, "y": 50, "label": "ورزش", "description": "تحرک روزانه"}]}]}, {"title": "تغذیه سالم", "blocks": [{"type": "text", "content": "رژیم غذایی متعادل شامل میوه‌ها، سبزیجات، غلات کامل، پروتئین کم‌چرب و لبنیات است. مصرف قند اضافی، نمک زیاد و چربی‌های ترانس را محدود کنید. آب کافی بنوشید و وعده‌های غذایی منظم داشته باشید."}]}, {"title": "ویتامین‌های ضروری", "blocks": [{"type": "table", "headers": ["ویتامین", "منبع", "نقش"], "rows": [["C", "مرکبات", "آنتی‌اکسیدان"], ["D", "آفتاب", "استخوان"], ["B12", "گوشت", "عصب"], ["آهن", "سبزیجات", "خون"]]}]}, {"title": "هشدار", "blocks": [{"type": "callout", "content": "قبل از مصرف هر مکمل با پزشک مشورت کنید. مصرف بیش از حد ویتامین می‌تواند مضر باشد.", "style": "warning"}]}]'::jsonb, 'book-20', 'fa', 'authored', true, true, 1)
ON CONFLICT (id) DO UPDATE SET title = EXCLUDED.title, author = EXCLUDED.author, pages = EXCLUDED.pages;
INSERT INTO public.books (id, title, author, category, price, publisher_id, status, review_status, pages, slug, language, book_type, comments_enabled, first_published_paid, publish_complexity_factor)
VALUES ('11111111-1111-1111-1111-000000000021', 'داروشناسی گیاهی', 'دکتر زهرا میرزایی', 'پزشکی', 32, '33333333-3333-3333-3333-333333333333', 'published', 'approved', '[{"title": "طب سنتی", "blocks": [{"type": "text", "content": "گیاهان دارویی هزاران سال است که در درمان بیماری‌ها استفاده می‌شوند. زعفران، بادرنجبویه، گل‌محمدی، آویشن و زیره از گیاهان پرکاربرد ایران هستند. این کتاب با رویکرد علمی، خواص دارویی گیاهان بومی را بررسی می‌کند."}]}, {"title": "گیاهان دارویی", "blocks": [{"type": "gallery", "images": [{"url": "/seed-images/herb1.svg", "caption": ""}, {"url": "/seed-images/herb2.svg", "caption": ""}, {"url": "/seed-images/herb3.svg", "caption": ""}]}]}, {"title": "زعفران", "blocks": [{"type": "text", "content": "زعفران گران‌ترین ادویه جهان است. خواص ضدافسردگی، آنتی‌اکسیدانی و ضدالتهابی آن ثابت شده است. مصرف روزانه ۳۰ میلی‌گرم زعفران می‌تواند خلق‌وخو را بهبود بخشد و از دژنراسیون ماکولار جلوگیری کند."}]}, {"title": "احتیاط", "blocks": [{"type": "callout", "content": "مصرف همزمان داروهای گیاهی با داروهای شیمیایی ممکن است تداخل ایجاد کند. حتماً با پزشک مشورت کنید.", "style": "warning"}]}]'::jsonb, 'book-21', 'fa', 'authored', true, true, 1)
ON CONFLICT (id) DO UPDATE SET title = EXCLUDED.title, author = EXCLUDED.author, pages = EXCLUDED.pages;
INSERT INTO public.books (id, title, author, category, price, publisher_id, status, review_status, pages, slug, language, book_type, comments_enabled, first_published_paid, publish_complexity_factor)
VALUES ('11111111-1111-1111-1111-000000000022', 'قلب و عروق', 'دکتر امیرعلی نوری', 'پزشکی', 45, '33333333-3333-3333-3333-333333333333', 'published', 'approved', '[{"title": "قلب انسان", "blocks": [{"type": "text", "content": "قلب عضوی حفره‌دار و توخالی است که به اندازه مشت بسته است و روزانه حدود صد هزار بار می‌تپد. این کتاب به تشریح ساختار قلب، سیستم الکتریکی آن، بیماری‌های قلبی-عروقی و راه‌های پیشگیری می‌پردازد."}]}, {"title": "آناتومی قلب", "blocks": [{"type": "image", "url": "/seed-images/heart.svg", "caption": "بخش‌های قلب", "hotspots": [{"x": 40, "y": 40, "label": "دهلیز چپ", "description": "دریافت خون اکسیژنه"}, {"x": 60, "y": 60, "label": "بطن چپ", "description": "پمپاژ به بدن"}]}]}, {"title": "فشار خون", "blocks": [{"type": "text", "content": "فشار خون نیروی جریان خون در دیواره سرخرگ‌هاست. فشار طبیعی کمتر از ۱۲۰/۸۰ میلی‌متر جیوه است. فشار بالا «قاتل خاموش» نامیده می‌شود چون علامتی ندارد اما سکته، نارسایی کلیوی و نارسایی قلبی را به دنبال دارد."}]}, {"title": "طبقه‌بندی", "blocks": [{"type": "table", "headers": ["گروه", "فشار سیستول", "فشار دیاستول"], "rows": [["طبیعی", "<120", "<80"], ["مرحله ۱", "120-129", "<80"], ["مرحله ۲", "130-139", "80-89"], ["بحرانی", "≥140", "≥90"]]}]}, {"title": "پیشگیری", "blocks": [{"type": "callout", "content": "کاهش نمک، ورزش منظم، ترک سیگار و کنترل استرس از مهم‌ترین راه‌های پیشگیری از فشار خون هستند.", "style": "info"}]}]'::jsonb, 'book-22', 'fa', 'authored', true, true, 1)
ON CONFLICT (id) DO UPDATE SET title = EXCLUDED.title, author = EXCLUDED.author, pages = EXCLUDED.pages;
INSERT INTO public.books (id, title, author, category, price, publisher_id, status, review_status, pages, slug, language, book_type, comments_enabled, first_published_paid, publish_complexity_factor)
VALUES ('11111111-1111-1111-1111-000000000023', 'شب‌های تهران', 'رضا امیرخانی', 'داستان', 25, '33333333-3333-3333-3333-333333333333', 'published', 'approved', '[{"title": "شروع داستان", "blocks": [{"type": "text", "content": "تهران در یک شب بارانی. خیابان‌های خیس از نور چراغ‌ها می‌درخشند. علی در ایستگاه اتوبوس ایستاده و به قطرات باران روی شیشه خیره شده. ذهنش در گذشته سرگردان است و تصویر زنی که هرگز ندیده، در خواب‌هایش ظاهر می‌شود."}]}, {"title": "ایستگاه", "blocks": [{"type": "image", "url": "/seed-images/tehran1.svg", "caption": "ایستگاه اتوبوس در شب", "hotspots": [{"x": 50, "y": 50, "label": "علی", "description": "مردی که منتظر است"}]}]}, {"title": "برخورد", "blocks": [{"type": "text", "content": "اتوبوس رسید و درها باز شدند. علی سوار شد و در ردیف پشتی کنار پنجره نشست. زنی با چتر قرمز سوار شد و در همان ردیف نشست. نگاهشان در آینه اتوبوس به هم خورد و هر دو لبخند زدند."}]}, {"title": "گفتگو", "blocks": [{"type": "text", "content": "«باران زیباست» گفت زن. علی جواب داد: «مخصوصاً وقتی کسی باشد که زیر چترش با شما پناه ببرد.» زن خندید و گفت: «شما خیلی رمانتیک هستید.» علی گفت: «فقط در شب‌های بارانی.»"}]}, {"title": "پایان", "blocks": [{"type": "callout", "content": "آن شب آغاز داستانی بود که سال‌ها ادامه یافت. دو نفر زیر یک چتر، در شبی که هیچ‌کدام فراموش نکردند.", "style": "info"}]}]'::jsonb, 'book-23', 'fa', 'authored', true, true, 1)
ON CONFLICT (id) DO UPDATE SET title = EXCLUDED.title, author = EXCLUDED.author, pages = EXCLUDED.pages;
INSERT INTO public.books (id, title, author, category, price, publisher_id, status, review_status, pages, slug, language, book_type, comments_enabled, first_published_paid, publish_complexity_factor)
VALUES ('11111111-1111-1111-1111-000000000024', 'سفر به اعماق زمین', 'حسن محمودی', 'داستان', 22, '33333333-3333-3333-3333-333333333333', 'published', 'approved', '[{"title": "ماجراجویی", "blocks": [{"type": "text", "content": "دکتر احمدی باستان‌شناس، در حفاری‌های تخت جمشید تکه سنگی عجیب پیدا کرد. روی سنگ نقشه‌ای حک شده بود که به غاری ناشناخته در کوه‌های زاگرس اشاره داشت. او تصمیم گرفت راز این نقشه را کشف کند."}]}, {"title": "نقشه سنگی", "blocks": [{"type": "image", "url": "/seed-images/map.svg", "caption": "نقشه رمزآلود", "hotspots": [{"x": 40, "y": 40, "label": "نماد خورشید", "description": "نشانه مهم"}, {"x": 70, "y": 60, "label": "مسیر", "description": "راه پنهان"}]}]}, {"title": "غار پنهان", "blocks": [{"type": "text", "content": "پس از سه روز کوهنوردی، دکتر احمدی به دهانه غاری رسید که پشت بوته‌های گون پنهان شده بود. داخل غار، دیوارها با نقاشی‌های هزاره‌ها پیش از میلاد تزئین شده بودند. اسب‌های در حال دویدن، شکارچیان و آیین‌های مذهبی."}]}, {"title": "نقاشی‌ها", "blocks": [{"type": "slideshow", "slides": [{"url": "/seed-images/cave1.svg", "caption": ""}, {"url": "/seed-images/cave2.svg", "caption": ""}, {"url": "/seed-images/cave3.svg", "caption": ""}]}]}, {"title": "کشف بزرگ", "blocks": [{"type": "text", "content": "در انتهای غار، صندوقچه سنگی کوچکی پیدا کرد. داخل آن طلسم‌های طلا و لوحی به زبان میخی بود. این کشف تاریخ هنر ایران را بازنویسی می‌کرد. دکتر احمدی با احترام صندوقچه را در جای خود گذاشت و فقط عکس برداشت."}]}]'::jsonb, 'book-24', 'fa', 'authored', true, true, 1)
ON CONFLICT (id) DO UPDATE SET title = EXCLUDED.title, author = EXCLUDED.author, pages = EXCLUDED.pages;
INSERT INTO public.books (id, title, author, category, price, publisher_id, status, review_status, pages, slug, language, book_type, comments_enabled, first_published_paid, publish_complexity_factor)
VALUES ('11111111-1111-1111-1111-000000000025', 'عشق در پاییز', 'سارا بهشتی', 'داستان', 20, '33333333-3333-3333-3333-333333333333', 'published', 'approved', '[{"title": "ملاقات", "blocks": [{"type": "text", "content": "مریم هر روز صبح در کافه کوچک انتهای خیابان قهوه می‌خورد. یک روز پاییز، مردی با لپ‌تاپ در میز روبرو نشست. چشم‌هایش سبز بود و لبخندش گرم. هر دو به کتاب‌هایشان خیره بودند ولی نگاهشان گاه به هم می‌رسید."}]}, {"title": "کافه", "blocks": [{"type": "image", "url": "/seed-images/cafe.svg", "caption": "کافه کوچک پاییزی", "hotspots": [{"x": 30, "y": 50, "label": "مریم", "description": "دختری با کتاب شعر"}, {"x": 70, "y": 50, "label": "مرد", "description": "مردی با لپ‌تاپ"}]}]}, {"title": "اشعار", "blocks": [{"type": "text", "content": "مریم کتاب شعر حافظ باز کرد. مرد گفت: «حافظ؟ من هم عاشق حافظم.» مریم گفت: «شعر مورد علاقه‌تان؟» مرد بدون فکر گفت: «اگر آن ترک شیرازی...» مریم خندید: «این همه نگاه؟ فقط برای حافظ؟»"}]}, {"title": "پاییز تمام شد", "blocks": [{"type": "text", "content": "پاییز تمام شد و برف آمد. مریم دیگر تنها نبود. هر روز صبح، دو فنجان قهوه روی میز بود. یکی برای او و یکی برای مردی که حافظ را از حفظ می‌دانست."}]}]'::jsonb, 'book-25', 'fa', 'authored', true, true, 1)
ON CONFLICT (id) DO UPDATE SET title = EXCLUDED.title, author = EXCLUDED.author, pages = EXCLUDED.pages;
INSERT INTO public.books (id, title, author, category, price, publisher_id, status, review_status, pages, slug, language, book_type, comments_enabled, first_published_paid, publish_complexity_factor)
VALUES ('11111111-1111-1111-1111-000000000026', 'ماجرای نیمه‌شب', 'کیوان عباسی', 'داستان', 18, '33333333-3333-3333-3333-333333333333', 'published', 'approved', '[{"title": "زنگ تلفن", "blocks": [{"type": "text", "content": "ساعت دو نیمه‌شب بود. تلفن زنگ زد. محمد گوشی را برداشت. سکوت. سپس نفسی عمیق و صدایی خشن: «فردا می‌آییم. همه چیز را می‌خواهیم.» خط قطع شد. محمد لرزید. او می‌دانست این تماس درباره چیست."}]}, {"title": "تاریکی", "blocks": [{"type": "image", "url": "/seed-images/dark.svg", "caption": "اتاق تاریک در نیمه‌شب", "hotspots": [{"x": 50, "y": 50, "label": "تلفن", "description": "تلفن روی میز"}]}]}, {"title": "تصمیم", "blocks": [{"type": "text", "content": "محمد به گذشته فکر کرد. پانزده سال پیش تصمیمی گرفت که حالا داشت او را دنبال می‌کرد. کیف چرمینه را از کمد بیرون آورد. داخلش مدارک، عکس‌ها و نامه‌هایی بود که هیچ‌کس نباید می‌دید. صبح زود باید می‌رفت."}]}, {"title": "فرار", "blocks": [{"type": "text", "content": "ساعت پنج صبح، محمد ماشین را روشن کرد. باران شدید بود. جاده‌های کوهستانی لغزنده. ولی پشت سر نگاه نکرد. فقط رفت. گاهی در زندگی باید فرار کرد تا زنده ماند. و گاهی فرار کردن شجاعانه‌ترین کار است."}]}, {"title": "پایان باز", "blocks": [{"type": "callout", "content": "جاده به کجا می‌رفت؟ محمد نمی‌دانست. ولی برای اولین بار پس از سال‌ها، احساس آزادی می‌کرد.", "style": "info"}]}]'::jsonb, 'book-26', 'fa', 'authored', true, true, 1)
ON CONFLICT (id) DO UPDATE SET title = EXCLUDED.title, author = EXCLUDED.author, pages = EXCLUDED.pages;
INSERT INTO public.books (id, title, author, category, price, publisher_id, status, review_status, pages, slug, language, book_type, comments_enabled, first_published_paid, publish_complexity_factor)
VALUES ('11111111-1111-1111-1111-000000000027', 'خاطرات یک سرباز', 'مهدی نوری', 'داستان', 24, '33333333-3333-3333-3333-333333333333', 'published', 'approved', '[{"title": "اعزام", "blocks": [{"type": "text", "content": "ساعت چهار صبح بود که زنگ بیدار باش نواخت. بیست ساله بودم و فردا باید برای سربازی می‌رفتم. مادرم اشک می‌ریخت و پدرم سکوت کرده بود. کیفم را بستم و سوار اتوبوس شدم. نمی‌دانستم دو سال بعد چه انسان متفاوتی خواهم بود."}]}, {"title": "پادگان", "blocks": [{"type": "image", "url": "/seed-images/army.svg", "caption": "روز اول سربازی", "hotspots": [{"x": 40, "y": 50, "label": "اتوبوس", "description": "اتوبوس اعزام"}, {"x": 70, "y": 40, "label": "سربازان", "description": "جوانان نگران"}]}]}, {"title": "دوستان", "blocks": [{"type": "text", "content": "در پادگان با پسرهایی آشنا شدم که هر کدام داستانی داشتند. حسن از روستا بود و اولین بار شهر دیده بود. رضا دانشجوی ریاضی بود که شعر می‌گفت. علی از تهران بود و همیشه حرف حق می‌زد. با هم رفقای جدایی‌ناپذیر شدیم."}]}, {"title": "آموزش", "blocks": [{"type": "text", "content": "تمرین نظامی سخت بود. تیراندازی، رزم، شب‌مانی. ولی در همین سختی‌ها بود که فهمیدم چقدر قوی‌تر از آن چیزی هستم که فکر می‌کردم. سربازی فقط آموزش نظامی نیست؛ مدرسه زندگی است."}]}, {"title": "خداحافظی", "blocks": [{"type": "text", "content": "روز آزادی رسید. مادرم منتظرم بود. وقتی او را در آغوش گرفتم، فهمیدم سربازی به من یاد داد قدر خانواده و وطن را بدانم. سربازی پایان یک دوران و آغاز دوران بزرگسالی بود."}]}]'::jsonb, 'book-27', 'fa', 'authored', true, true, 1)
ON CONFLICT (id) DO UPDATE SET title = EXCLUDED.title, author = EXCLUDED.author, pages = EXCLUDED.pages;
INSERT INTO public.books (id, title, author, category, price, publisher_id, status, review_status, pages, slug, language, book_type, comments_enabled, first_published_paid, publish_complexity_factor)
VALUES ('11111111-1111-1111-1111-000000000028', 'سرزمین قصه‌ها', 'مینا کوچولو', 'کودک', 12, '33333333-3333-3333-3333-333333333333', 'published', 'approved', '[{"title": "روزی روزگاری", "blocks": [{"type": "text", "content": "روزی بود و روزی نبود، زیر آسمان آبی، سرزمینی بود پر از رنگ و موسیقی. در آنجا درخت‌ها حرف می‌زدند، پروانه‌ها می‌خندیدند و ابرها قصه تعریف می‌کردند. به این سرزمین زیبا خوش آمدی! بیا با هم سفری شگفت‌انگیز داشته باشیم."}]}, {"title": "پروانه‌های رنگی", "blocks": [{"type": "image", "url": "/seed-images/kid1.svg", "caption": "پروانه‌های بازیگوش", "hotspots": [{"x": 20, "y": 30, "label": "پروانه آبی", "description": "روی گل نشسته"}, {"x": 60, "y": 40, "label": "پروانه زرد", "description": "در حال پرواز"}, {"x": 80, "y": 70, "label": "گل صورتی", "description": "گل معطر و زیبا"}]}]}, {"title": "سفر ابر کوچولو", "blocks": [{"type": "text", "content": "ابر کوچولو همیشه دوست داشت به جاهای دور سفر کند. یک روز باد مهربان او را بلند کرد و برد. ابر کوچولو از بالا شهر را دید: خانه‌های رنگی، پارک سبز و رودخانه‌ای که می‌درخشید. او فهمید دنیا خیلی بزرگ‌تر از آن چیزی است که فکر می‌کرد."}]}, {"title": "تصاویر سفر", "blocks": [{"type": "slideshow", "slides": [{"url": "/seed-images/cloud1.svg", "caption": ""}, {"url": "/seed-images/cloud2.svg", "caption": ""}, {"url": "/seed-images/cloud3.svg", "caption": ""}]}]}, {"title": "دوستی جدید", "blocks": [{"type": "text", "content": "ابر کوچولو با قطره کوچولو آشنا شد. قطره گفت: «من از ابرهای تو پایین می‌آیم!» ابر کوچولو خوشحال شد و گفت: «پس ما خانواده هستیم!» وقتی شب شد، ابر کوچولو و قطره کوچولو با هم به خواب رفتند و رویاهای درخشانی دیدند."}]}, {"title": "پیام دوستانه", "blocks": [{"type": "callout", "content": "همیشه دوست پیدا کن حتی در جاهای غیرمنتظره. دنیا پر از دوستان خوب است!", "style": "info"}]}]'::jsonb, 'book-28', 'fa', 'authored', true, true, 1)
ON CONFLICT (id) DO UPDATE SET title = EXCLUDED.title, author = EXCLUDED.author, pages = EXCLUDED.pages;
INSERT INTO public.books (id, title, author, category, price, publisher_id, status, review_status, pages, slug, language, book_type, comments_enabled, first_published_paid, publish_complexity_factor)
VALUES ('11111111-1111-1111-1111-000000000029', 'حیوانات دوست‌داشتنی', 'بنیامین کوچک', 'کودک', 10, '33333333-3333-3333-3333-333333333333', 'published', 'approved', '[{"title": "باغ وحش کوچولوها", "blocks": [{"type": "text", "content": "به باغ وحش کوچولوها خوش آمدید! اینجا همه حیوانات با هم دوست هستند. فیل کوچولو عاشق آب‌بازی است، زرافه کوچولو از درخت‌ها غذا می‌خورد و شیر کوچولو... خوب، شیر کوچولو فقط عاشق بغل گرفتن است!"}]}, {"title": "دوست‌های بامزه", "blocks": [{"type": "image", "url": "/seed-images/animal.svg", "caption": "حیوانات در کنار هم", "hotspots": [{"x": 25, "y": 45, "label": "فیل", "description": "فیل کوچولو با خرطومش بازی می‌کند"}, {"x": 55, "y": 35, "label": "زرافه", "description": "زرافه بلندقامت"}, {"x": 80, "y": 60, "label": "شیر", "description": "شیر کوچولو مهربان"}]}]}, {"title": "صداهای جالب", "blocks": [{"type": "text", "content": "فیل کوچولو ترومپت می‌زند: «پوووو!» زرافه کوچولو گردنش را تکان می‌دهد: «سرسرسر!» شیر کوچولو غرش می‌کند: «روووو!» حالا نوبت توست! صدای مورد علاقه‌ات را دربیار!"}]}, {"title": "خانه‌ها", "blocks": [{"type": "gallery", "images": [{"url": "/seed-images/house1.svg", "caption": ""}, {"url": "/seed-images/house2.svg", "caption": ""}, {"url": "/seed-images/house3.svg", "caption": ""}]}]}, {"title": "شب بخیر", "blocks": [{"type": "text", "content": "حالا همه حیوانات خوابیده‌اند. فیل کوچولو روی علف‌ها دراز کشیده. زرافه کوچولو گردنش را گره زده و خوابیده. شیر کوچوله هم بالشش را بغل گرفته. ستاره‌ها از بالا چشمک می‌زنند و ماه داستانی زمزمه می‌کند: «شب بخیر کوچولوها...»"}]}]'::jsonb, 'book-29', 'fa', 'authored', true, true, 1)
ON CONFLICT (id) DO UPDATE SET title = EXCLUDED.title, author = EXCLUDED.author, pages = EXCLUDED.pages;
INSERT INTO public.books (id, title, author, category, price, publisher_id, status, review_status, pages, slug, language, book_type, comments_enabled, first_published_paid, publish_complexity_factor)
VALUES ('11111111-1111-1111-1111-000000000030', 'رنگین‌کمان بازی', 'نازنین کوچولو', 'کودک', 11, '33333333-3333-3333-3333-333333333333', 'published', 'approved', '[{"title": "روز بارانی", "blocks": [{"type": "text", "content": "صبح که بیدار شدم، باران می‌بارید. ناراحت بودم چون نمی‌توانستم بیرون بروم. مادرم گفت: «بیا یک هفت‌رنگ درست کنیم!» چه ایده جالبی!"}]}, {"title": "رنگ‌ها", "blocks": [{"type": "image", "url": "/seed-images/rainbow.svg", "caption": "هفت رنگ زیبا", "hotspots": [{"x": 15, "y": 50, "label": "قرمز", "description": "رنگ عشق و شادی"}, {"x": 35, "y": 40, "label": "نارنجی", "description": "رنگ انرژی"}, {"x": 55, "y": 35, "label": "زرد", "description": "رنگ خورشید"}, {"x": 75, "y": 40, "label": "سبز", "description": "رنگ طبیعت"}, {"x": 90, "y": 50, "label": "آبی", "description": "رنگ آسمان"}]}]}, {"title": "بازی با رنگ‌ها", "blocks": [{"type": "text", "content": "قرمز و زرد را مخلوط کردم: نارنجی شد! آبی و زرد: سبز شد! قرمز و آبی: بنفش! واو! دنیای رنگ‌ها شگفت‌انگیز است. هر رنگ داستانی دارد و هر ترکیب رنگ جدید، داستانی جدید."}]}, {"title": "آثار هنری", "blocks": [{"type": "slideshow", "slides": [{"url": "/seed-images/art1.svg", "caption": ""}, {"url": "/seed-images/art2.svg", "caption": ""}, {"url": "/seed-images/art3.svg", "caption": ""}]}]}, {"title": "پیام رنگین‌کمان", "blocks": [{"type": "callout", "content": "هر کدام از ما مثل یک رنگ هستیم. وقتی کنار هم قرار می‌گیریم، یک رنگین‌کمان زیبا می‌شویم!", "style": "info"}]}]'::jsonb, 'book-30', 'fa', 'authored', true, true, 1)
ON CONFLICT (id) DO UPDATE SET title = EXCLUDED.title, author = EXCLUDED.author, pages = EXCLUDED.pages;
INSERT INTO public.books (id, title, author, category, price, publisher_id, status, review_status, pages, slug, language, book_type, comments_enabled, first_published_paid, publish_complexity_factor)
VALUES ('11111111-1111-1111-1111-000000000031', 'کتاب آزمایشی پرصفحه', 'ناشر تست', 'تست', 10, '33333333-3333-3333-3333-333333333333', 'published', 'approved', '[{"title": "فصل 1", "blocks": [{"type": "text", "content": "این صفحه اول کتاب آزمایشی پرصفحه است. این کتاب برای تست عملکرد سیستم در شرایط واقعی با حجم بالای صفحات طراحی شده است. هر صفحه حدود صد کلمه دارد تا بتوان رفتار سیستم را در شرایط نزدیک به واقعیت بررسی کرد."}]}, {"title": "فصل 2", "blocks": [{"type": "text", "content": "در این فصل به معرفی مفاهیم پایه می‌پردازیم. ساختار کتاب به گونه‌ای طراحی شده که خواننده بتواند به صورت گام‌به‌گام با مطالب آشنا شود. تصاویر و نمودارهای تعاملی در صفحات بعدی کمک می‌کنند تا مفاهیم بهتر درک شوند."}]}, {"title": "فصل 3", "blocks": [{"type": "text", "content": "تاریخچه موضوع به قرن‌ها پیش برمی‌گردد. اولین نشانه‌های این علم در تمدن‌های کهن یافت شده است. باستان‌شناسان آثاری کشف کرده‌اند که نشان می‌دهد بشر هزاران سال پیش به این مفاهیم توجه داشته است."}]}, {"title": "فیلم آموزشی فصل 4", "blocks": [{"type": "video", "url": "/seed-images/sample.mp4", "caption": "ویدیوی توضیحی این فصل"}]}, {"title": "فصل 5", "blocks": [{"type": "text", "content": "کاربردهای عملی این دانش در زندگی روزمره فراوان است. از صنعت و پزشکی گرفته تا هنر و ورزش، همه جا شاهد تأثیر این علم هستیم. نوآوری‌های اخیر تحولات عظیمی ایجاد کرده‌اند."}]}, {"title": "نمودار تعاملی 6", "blocks": [{"type": "image", "url": "/seed-images/bigchart.svg", "caption": "نمودار داده‌ها", "hotspots": [{"x": 30, "y": 30, "label": "داده A", "description": "رشد سال اول"}, {"x": 70, "y": 70, "label": "داده B", "description": "رشد سال دوم"}]}]}, {"title": "فصل 7", "blocks": [{"type": "text", "content": "چالش‌های پیش رو بسیارند. محققان باید با محدودیت‌های منابع، مسائل اخلاقی و پیچیدگی‌های فنی دست‌وپنجه نرم کنند. همکاری بین‌المللی یکی از کلیدهای حل این چالش‌هاست."}]}, {"title": "فصل 8", "blocks": [{"type": "text", "content": "آموزش و پرورش نقش حیاتی در توسعه این علم دارد. نسل جدید باید با ابزارها و روش‌های نوین آشنا شود. برنامه‌های درسی نیاز به بازنگری دارند تا با پیشرفت‌های علمی همگام شوند."}]}, {"title": "فصل 9", "blocks": [{"type": "text", "content": "صنعت و بازار همواره از نوآوری‌ها استقبال کرده‌اند. شرکت‌های بزرگ سرمایه‌گذاری‌های کلانی در تحقیق و توسعه انجام می‌دهند. رقابت سالم باعث پیشرفت سریع‌تر شده است."}]}, {"title": "فصل 10", "blocks": [{"type": "text", "content": "جمع‌بندی و نتیجه‌گیری این فصل نشان می‌دهد که ما در آستانه تحولی بزرگ هستیم. گام‌های بعدی نیازمند همکاری همه بخش‌های جامعه است. آینده در دستان ماست و با تلاش جمعی می‌توانیم به اهدافمان برسیم."}]}, {"title": "بخش 11", "blocks": [{"type": "text", "content": "این بخش به تفصیل به بررسی مثال‌های کاربردی می‌پردازد. هر مثال با شرایط واقعی طراحی شده و خواننده می‌تواند آن‌ها را در موقعیت‌های مشابه به کار گیرد. تمرین‌ها در انتهای بخش کمک می‌کنند تا مهارت‌ها تقویت شوند."}]}, {"title": "بخش 12", "blocks": [{"type": "text", "content": "توسعه این حوزه نیازمند سرمایه‌گذاری در زیرساخت‌هاست. مراکز تحقیقاتی باید به تجهیزات پیشرفته دسترسی داشته باشند. همچنین ایجاد شبکه‌های همکاری بین دانشگاه‌ها و صنعت ضروری است."}]}, {"title": "بخش 13", "blocks": [{"type": "text", "content": "سیاست‌گذاران نقش مهمی در تسهیل این روند دارند. قوانین حمایتی، معافیت‌های مالیاتی و تسهیلات تحقیقاتی می‌تواند رشد را تسریع کند. تجربه کشورهای پیشرو الگوی خوبی است."}]}, {"title": "بخش 14", "blocks": [{"type": "text", "content": "مردم عادی هم می‌توانند سهمی در این پیشرفت داشته باشند. آموزش همگانی، شرکت در نظرسنجی‌ها و حمایت از طرح‌های محلی از راه‌های مشارکت است. هر ایده‌ای می‌تواند جرقه‌ای باشد."}]}, {"title": "بخش 15", "blocks": [{"type": "text", "content": "محیط زیست همواره باید در نظر گرفته شود. توسعه پایدار یعنی پیشرفت بدون آسیب به طبیعت. فناوری‌های سبز و انرژی‌های تجدیدپذیر راه‌حل‌های مناسبی هستند. آینده متعلق به کسانی است که به زمین احترام می‌گذارند."}]}, {"title": "بخش 16", "blocks": [{"type": "text", "content": "فرهنگ و هنر این حوزه را غنی‌تر می‌کنند. خلاقیت انسان‌ها هیچ مرزی نمی‌شناسد. آثار هنری الهام‌بخش نسل‌های بعدی خواهند بود. زیبایی در سادگی است و سادگی در عمق."}]}, {"title": "بخش 17", "blocks": [{"type": "text", "content": "ورزش و سلامت از دیگر حوزه‌های تأثیرپذیر هستند. ورزشکاران با استفاده از دانش نوین بهتر عمل می‌کنند. پزشکی شخصی‌سازی شده به درمان دقیق‌تر کمک می‌کند. سلامت جامعه سرمایه اصلی هر کشور است."}]}, {"title": "بخش 18", "blocks": [{"type": "text", "content": "اقتصاد و بازار کار نیز دستخوش تغییرات شده‌اند. مشاغل جدیدی ایجاد شده و برخی مشاغل قدیمی منسوخ شده‌اند. آموزش مهارت‌های جدید برای نیروی کار ضروری است. انعطاف‌پذیری کلید موفقیت در بازار کار آینده است."}]}, {"title": "بخش 19", "blocks": [{"type": "text", "content": "این بخش به تفصیل به بررسی مثال‌های کاربردی می‌پردازد. هر مثال با شرایط واقعی طراحی شده و خواننده می‌تواند آن‌ها را در موقعیت‌های مشابه به کار گیرد. تمرین‌ها در انتهای بخش کمک می‌کنند تا مهارت‌ها تقویت شوند."}]}, {"title": "بخش 20", "blocks": [{"type": "text", "content": "توسعه این حوزه نیازمند سرمایه‌گذاری در زیرساخت‌هاست. مراکز تحقیقاتی باید به تجهیزات پیشرفته دسترسی داشته باشند. همچنین ایجاد شبکه‌های همکاری بین دانشگاه‌ها و صنعت ضروری است."}]}, {"title": "بخش 21", "blocks": [{"type": "text", "content": "سیاست‌گذاران نقش مهمی در تسهیل این روند دارند. قوانین حمایتی، معافیت‌های مالیاتی و تسهیلات تحقیقاتی می‌تواند رشد را تسریع کند. تجربه کشورهای پیشرو الگوی خوبی است."}]}, {"title": "بخش 22", "blocks": [{"type": "text", "content": "مردم عادی هم می‌توانند سهمی در این پیشرفت داشته باشند. آموزش همگانی، شرکت در نظرسنجی‌ها و حمایت از طرح‌های محلی از راه‌های مشارکت است. هر ایده‌ای می‌تواند جرقه‌ای باشد."}]}, {"title": "بخش 23", "blocks": [{"type": "text", "content": "محیط زیست همواره باید در نظر گرفته شود. توسعه پایدار یعنی پیشرفت بدون آسیب به طبیعت. فناوری‌های سبز و انرژی‌های تجدیدپذیر راه‌حل‌های مناسبی هستند. آینده متعلق به کسانی است که به زمین احترام می‌گذارند."}]}, {"title": "بخش 24", "blocks": [{"type": "text", "content": "فرهنگ و هنر این حوزه را غنی‌تر می‌کنند. خلاقیت انسان‌ها هیچ مرزی نمی‌شناسد. آثار هنری الهام‌بخش نسل‌های بعدی خواهند بود. زیبایی در سادگی است و سادگی در عمق."}]}, {"title": "بخش 25", "blocks": [{"type": "text", "content": "ورزش و سلامت از دیگر حوزه‌های تأثیرپذیر هستند. ورزشکاران با استفاده از دانش نوین بهتر عمل می‌کنند. پزشکی شخصی‌سازی شده به درمان دقیق‌تر کمک می‌کند. سلامت جامعه سرمایه اصلی هر کشور است."}]}, {"title": "بخش 26", "blocks": [{"type": "text", "content": "اقتصاد و بازار کار نیز دستخوش تغییرات شده‌اند. مشاغل جدیدی ایجاد شده و برخی مشاغل قدیمی منسوخ شده‌اند. آموزش مهارت‌های جدید برای نیروی کار ضروری است. انعطاف‌پذیری کلید موفقیت در بازار کار آینده است."}]}, {"title": "بخش 27", "blocks": [{"type": "text", "content": "این بخش به تفصیل به بررسی مثال‌های کاربردی می‌پردازد. هر مثال با شرایط واقعی طراحی شده و خواننده می‌تواند آن‌ها را در موقعیت‌های مشابه به کار گیرد. تمرین‌ها در انتهای بخش کمک می‌کنند تا مهارت‌ها تقویت شوند."}]}, {"title": "بخش 28", "blocks": [{"type": "text", "content": "توسعه این حوزه نیازمند سرمایه‌گذاری در زیرساخت‌هاست. مراکز تحقیقاتی باید به تجهیزات پیشرفته دسترسی داشته باشند. همچنین ایجاد شبکه‌های همکاری بین دانشگاه‌ها و صنعت ضروری است."}]}, {"title": "بخش 29", "blocks": [{"type": "text", "content": "سیاست‌گذاران نقش مهمی در تسهیل این روند دارند. قوانین حمایتی، معافیت‌های مالیاتی و تسهیلات تحقیقاتی می‌تواند رشد را تسریع کند. تجربه کشورهای پیشرو الگوی خوبی است."}]}, {"title": "بخش 30", "blocks": [{"type": "text", "content": "مردم عادی هم می‌توانند سهمی در این پیشرفت داشته باشند. آموزش همگانی، شرکت در نظرسنجی‌ها و حمایت از طرح‌های محلی از راه‌های مشارکت است. هر ایده‌ای می‌تواند جرقه‌ای باشد."}]}, {"title": "بخش 31", "blocks": [{"type": "text", "content": "محیط زیست همواره باید در نظر گرفته شود. توسعه پایدار یعنی پیشرفت بدون آسیب به طبیعت. فناوری‌های سبز و انرژی‌های تجدیدپذیر راه‌حل‌های مناسبی هستند. آینده متعلق به کسانی است که به زمین احترام می‌گذارند."}]}, {"title": "بخش 32", "blocks": [{"type": "text", "content": "فرهنگ و هنر این حوزه را غنی‌تر می‌کنند. خلاقیت انسان‌ها هیچ مرزی نمی‌شناسد. آثار هنری الهام‌بخش نسل‌های بعدی خواهند بود. زیبایی در سادگی است و سادگی در عمق."}]}, {"title": "بخش 33", "blocks": [{"type": "text", "content": "ورزش و سلامت از دیگر حوزه‌های تأثیرپذیر هستند. ورزشکاران با استفاده از دانش نوین بهتر عمل می‌کنند. پزشکی شخصی‌سازی شده به درمان دقیق‌تر کمک می‌کند. سلامت جامعه سرمایه اصلی هر کشور است."}]}, {"title": "بخش 34", "blocks": [{"type": "text", "content": "اقتصاد و بازار کار نیز دستخوش تغییرات شده‌اند. مشاغل جدیدی ایجاد شده و برخی مشاغل قدیمی منسوخ شده‌اند. آموزش مهارت‌های جدید برای نیروی کار ضروری است. انعطاف‌پذیری کلید موفقیت در بازار کار آینده است."}]}, {"title": "بخش 35", "blocks": [{"type": "text", "content": "این بخش به تفصیل به بررسی مثال‌های کاربردی می‌پردازد. هر مثال با شرایط واقعی طراحی شده و خواننده می‌تواند آن‌ها را در موقعیت‌های مشابه به کار گیرد. تمرین‌ها در انتهای بخش کمک می‌کنند تا مهارت‌ها تقویت شوند."}]}, {"title": "بخش 36", "blocks": [{"type": "text", "content": "توسعه این حوزه نیازمند سرمایه‌گذاری در زیرساخت‌هاست. مراکز تحقیقاتی باید به تجهیزات پیشرفته دسترسی داشته باشند. همچنین ایجاد شبکه‌های همکاری بین دانشگاه‌ها و صنعت ضروری است."}]}, {"title": "بخش 37", "blocks": [{"type": "text", "content": "سیاست‌گذاران نقش مهمی در تسهیل این روند دارند. قوانین حمایتی، معافیت‌های مالیاتی و تسهیلات تحقیقاتی می‌تواند رشد را تسریع کند. تجربه کشورهای پیشرو الگوی خوبی است."}]}, {"title": "بخش 38", "blocks": [{"type": "text", "content": "مردم عادی هم می‌توانند سهمی در این پیشرفت داشته باشند. آموزش همگانی، شرکت در نظرسنجی‌ها و حمایت از طرح‌های محلی از راه‌های مشارکت است. هر ایده‌ای می‌تواند جرقه‌ای باشد."}]}, {"title": "بخش 39", "blocks": [{"type": "text", "content": "محیط زیست همواره باید در نظر گرفته شود. توسعه پایدار یعنی پیشرفت بدون آسیب به طبیعت. فناوری‌های سبز و انرژی‌های تجدیدپذیر راه‌حل‌های مناسبی هستند. آینده متعلق به کسانی است که به زمین احترام می‌گذارند."}]}, {"title": "بخش 40", "blocks": [{"type": "text", "content": "فرهنگ و هنر این حوزه را غنی‌تر می‌کنند. خلاقیت انسان‌ها هیچ مرزی نمی‌شناسد. آثار هنری الهام‌بخش نسل‌های بعدی خواهند بود. زیبایی در سادگی است و سادگی در عمق."}]}, {"title": "بخش 41", "blocks": [{"type": "text", "content": "ورزش و سلامت از دیگر حوزه‌های تأثیرپذیر هستند. ورزشکاران با استفاده از دانش نوین بهتر عمل می‌کنند. پزشکی شخصی‌سازی شده به درمان دقیق‌تر کمک می‌کند. سلامت جامعه سرمایه اصلی هر کشور است."}]}, {"title": "بخش 42", "blocks": [{"type": "text", "content": "اقتصاد و بازار کار نیز دستخوش تغییرات شده‌اند. مشاغل جدیدی ایجاد شده و برخی مشاغل قدیمی منسوخ شده‌اند. آموزش مهارت‌های جدید برای نیروی کار ضروری است. انعطاف‌پذیری کلید موفقیت در بازار کار آینده است."}]}, {"title": "بخش 43", "blocks": [{"type": "text", "content": "این بخش به تفصیل به بررسی مثال‌های کاربردی می‌پردازد. هر مثال با شرایط واقعی طراحی شده و خواننده می‌تواند آن‌ها را در موقعیت‌های مشابه به کار گیرد. تمرین‌ها در انتهای بخش کمک می‌کنند تا مهارت‌ها تقویت شوند."}]}, {"title": "بخش 44", "blocks": [{"type": "text", "content": "توسعه این حوزه نیازمند سرمایه‌گذاری در زیرساخت‌هاست. مراکز تحقیقاتی باید به تجهیزات پیشرفته دسترسی داشته باشند. همچنین ایجاد شبکه‌های همکاری بین دانشگاه‌ها و صنعت ضروری است."}]}, {"title": "بخش 45", "blocks": [{"type": "text", "content": "سیاست‌گذاران نقش مهمی در تسهیل این روند دارند. قوانین حمایتی، معافیت‌های مالیاتی و تسهیلات تحقیقاتی می‌تواند رشد را تسریع کند. تجربه کشورهای پیشرو الگوی خوبی است."}]}, {"title": "بخش 46", "blocks": [{"type": "text", "content": "مردم عادی هم می‌توانند سهمی در این پیشرفت داشته باشند. آموزش همگانی، شرکت در نظرسنجی‌ها و حمایت از طرح‌های محلی از راه‌های مشارکت است. هر ایده‌ای می‌تواند جرقه‌ای باشد."}]}, {"title": "بخش 47", "blocks": [{"type": "text", "content": "محیط زیست همواره باید در نظر گرفته شود. توسعه پایدار یعنی پیشرفت بدون آسیب به طبیعت. فناوری‌های سبز و انرژی‌های تجدیدپذیر راه‌حل‌های مناسبی هستند. آینده متعلق به کسانی است که به زمین احترام می‌گذارند."}]}, {"title": "بخش 48", "blocks": [{"type": "text", "content": "فرهنگ و هنر این حوزه را غنی‌تر می‌کنند. خلاقیت انسان‌ها هیچ مرزی نمی‌شناسد. آثار هنری الهام‌بخش نسل‌های بعدی خواهند بود. زیبایی در سادگی است و سادگی در عمق."}]}, {"title": "بخش 49", "blocks": [{"type": "text", "content": "ورزش و سلامت از دیگر حوزه‌های تأثیرپذیر هستند. ورزشکاران با استفاده از دانش نوین بهتر عمل می‌کنند. پزشکی شخصی‌سازی شده به درمان دقیق‌تر کمک می‌کند. سلامت جامعه سرمایه اصلی هر کشور است."}]}, {"title": "بخش 50", "blocks": [{"type": "text", "content": "اقتصاد و بازار کار نیز دستخوش تغییرات شده‌اند. مشاغل جدیدی ایجاد شده و برخی مشاغل قدیمی منسوخ شده‌اند. آموزش مهارت‌های جدید برای نیروی کار ضروری است. انعطاف‌پذیری کلید موفقیت در بازار کار آینده است."}]}, {"title": "ویدیوی میانی کتاب", "blocks": [{"type": "video", "url": "/seed-images/sample.mp4", "caption": "مرور سریع نیمه اول"}]}, {"title": "بخش 52", "blocks": [{"type": "text", "content": "توسعه این حوزه نیازمند سرمایه‌گذاری در زیرساخت‌هاست. مراکز تحقیقاتی باید به تجهیزات پیشرفته دسترسی داشته باشند. همچنین ایجاد شبکه‌های همکاری بین دانشگاه‌ها و صنعت ضروری است."}]}, {"title": "بخش 53", "blocks": [{"type": "text", "content": "سیاست‌گذاران نقش مهمی در تسهیل این روند دارند. قوانین حمایتی، معافیت‌های مالیاتی و تسهیلات تحقیقاتی می‌تواند رشد را تسریع کند. تجربه کشورهای پیشرو الگوی خوبی است."}]}, {"title": "بخش 54", "blocks": [{"type": "text", "content": "مردم عادی هم می‌توانند سهمی در این پیشرفت داشته باشند. آموزش همگانی، شرکت در نظرسنجی‌ها و حمایت از طرح‌های محلی از راه‌های مشارکت است. هر ایده‌ای می‌تواند جرقه‌ای باشد."}]}, {"title": "بخش 55", "blocks": [{"type": "text", "content": "محیط زیست همواره باید در نظر گرفته شود. توسعه پایدار یعنی پیشرفت بدون آسیب به طبیعت. فناوری‌های سبز و انرژی‌های تجدیدپذیر راه‌حل‌های مناسبی هستند. آینده متعلق به کسانی است که به زمین احترام می‌گذارند."}]}, {"title": "بخش 56", "blocks": [{"type": "text", "content": "فرهنگ و هنر این حوزه را غنی‌تر می‌کنند. خلاقیت انسان‌ها هیچ مرزی نمی‌شناسد. آثار هنری الهام‌بخش نسل‌های بعدی خواهند بود. زیبایی در سادگی است و سادگی در عمق."}]}, {"title": "بخش 57", "blocks": [{"type": "text", "content": "ورزش و سلامت از دیگر حوزه‌های تأثیرپذیر هستند. ورزشکاران با استفاده از دانش نوین بهتر عمل می‌کنند. پزشکی شخصی‌سازی شده به درمان دقیق‌تر کمک می‌کند. سلامت جامعه سرمایه اصلی هر کشور است."}]}, {"title": "بخش 58", "blocks": [{"type": "text", "content": "اقتصاد و بازار کار نیز دستخوش تغییرات شده‌اند. مشاغل جدیدی ایجاد شده و برخی مشاغل قدیمی منسوخ شده‌اند. آموزش مهارت‌های جدید برای نیروی کار ضروری است. انعطاف‌پذیری کلید موفقیت در بازار کار آینده است."}]}, {"title": "بخش 59", "blocks": [{"type": "text", "content": "این بخش به تفصیل به بررسی مثال‌های کاربردی می‌پردازد. هر مثال با شرایط واقعی طراحی شده و خواننده می‌تواند آن‌ها را در موقعیت‌های مشابه به کار گیرد. تمرین‌ها در انتهای بخش کمک می‌کنند تا مهارت‌ها تقویت شوند."}]}, {"title": "بخش 60", "blocks": [{"type": "text", "content": "توسعه این حوزه نیازمند سرمایه‌گذاری در زیرساخت‌هاست. مراکز تحقیقاتی باید به تجهیزات پیشرفته دسترسی داشته باشند. همچنین ایجاد شبکه‌های همکاری بین دانشگاه‌ها و صنعت ضروری است."}]}, {"title": "بخش 61", "blocks": [{"type": "text", "content": "سیاست‌گذاران نقش مهمی در تسهیل این روند دارند. قوانین حمایتی، معافیت‌های مالیاتی و تسهیلات تحقیقاتی می‌تواند رشد را تسریع کند. تجربه کشورهای پیشرو الگوی خوبی است."}]}, {"title": "بخش 62", "blocks": [{"type": "text", "content": "مردم عادی هم می‌توانند سهمی در این پیشرفت داشته باشند. آموزش همگانی، شرکت در نظرسنجی‌ها و حمایت از طرح‌های محلی از راه‌های مشارکت است. هر ایده‌ای می‌تواند جرقه‌ای باشد."}]}, {"title": "بخش 63", "blocks": [{"type": "text", "content": "محیط زیست همواره باید در نظر گرفته شود. توسعه پایدار یعنی پیشرفت بدون آسیب به طبیعت. فناوری‌های سبز و انرژی‌های تجدیدپذیر راه‌حل‌های مناسبی هستند. آینده متعلق به کسانی است که به زمین احترام می‌گذارند."}]}, {"title": "بخش 64", "blocks": [{"type": "text", "content": "فرهنگ و هنر این حوزه را غنی‌تر می‌کنند. خلاقیت انسان‌ها هیچ مرزی نمی‌شناسد. آثار هنری الهام‌بخش نسل‌های بعدی خواهند بود. زیبایی در سادگی است و سادگی در عمق."}]}, {"title": "بخش 65", "blocks": [{"type": "text", "content": "ورزش و سلامت از دیگر حوزه‌های تأثیرپذیر هستند. ورزشکاران با استفاده از دانش نوین بهتر عمل می‌کنند. پزشکی شخصی‌سازی شده به درمان دقیق‌تر کمک می‌کند. سلامت جامعه سرمایه اصلی هر کشور است."}]}, {"title": "بخش 66", "blocks": [{"type": "text", "content": "اقتصاد و بازار کار نیز دستخوش تغییرات شده‌اند. مشاغل جدیدی ایجاد شده و برخی مشاغل قدیمی منسوخ شده‌اند. آموزش مهارت‌های جدید برای نیروی کار ضروری است. انعطاف‌پذیری کلید موفقیت در بازار کار آینده است."}]}, {"title": "بخش 67", "blocks": [{"type": "text", "content": "این بخش به تفصیل به بررسی مثال‌های کاربردی می‌پردازد. هر مثال با شرایط واقعی طراحی شده و خواننده می‌تواند آن‌ها را در موقعیت‌های مشابه به کار گیرد. تمرین‌ها در انتهای بخش کمک می‌کنند تا مهارت‌ها تقویت شوند."}]}, {"title": "بخش 68", "blocks": [{"type": "text", "content": "توسعه این حوزه نیازمند سرمایه‌گذاری در زیرساخت‌هاست. مراکز تحقیقاتی باید به تجهیزات پیشرفته دسترسی داشته باشند. همچنین ایجاد شبکه‌های همکاری بین دانشگاه‌ها و صنعت ضروری است."}]}, {"title": "بخش 69", "blocks": [{"type": "text", "content": "سیاست‌گذاران نقش مهمی در تسهیل این روند دارند. قوانین حمایتی، معافیت‌های مالیاتی و تسهیلات تحقیقاتی می‌تواند رشد را تسریع کند. تجربه کشورهای پیشرو الگوی خوبی است."}]}, {"title": "بخش 70", "blocks": [{"type": "text", "content": "مردم عادی هم می‌توانند سهمی در این پیشرفت داشته باشند. آموزش همگانی، شرکت در نظرسنجی‌ها و حمایت از طرح‌های محلی از راه‌های مشارکت است. هر ایده‌ای می‌تواند جرقه‌ای باشد."}]}, {"title": "بخش 71", "blocks": [{"type": "text", "content": "محیط زیست همواره باید در نظر گرفته شود. توسعه پایدار یعنی پیشرفت بدون آسیب به طبیعت. فناوری‌های سبز و انرژی‌های تجدیدپذیر راه‌حل‌های مناسبی هستند. آینده متعلق به کسانی است که به زمین احترام می‌گذارند."}]}, {"title": "بخش 72", "blocks": [{"type": "text", "content": "فرهنگ و هنر این حوزه را غنی‌تر می‌کنند. خلاقیت انسان‌ها هیچ مرزی نمی‌شناسد. آثار هنری الهام‌بخش نسل‌های بعدی خواهند بود. زیبایی در سادگی است و سادگی در عمق."}]}, {"title": "بخش 73", "blocks": [{"type": "text", "content": "ورزش و سلامت از دیگر حوزه‌های تأثیرپذیر هستند. ورزشکاران با استفاده از دانش نوین بهتر عمل می‌کنند. پزشکی شخصی‌سازی شده به درمان دقیق‌تر کمک می‌کند. سلامت جامعه سرمایه اصلی هر کشور است."}]}, {"title": "بخش 74", "blocks": [{"type": "text", "content": "اقتصاد و بازار کار نیز دستخوش تغییرات شده‌اند. مشاغل جدیدی ایجاد شده و برخی مشاغل قدیمی منسوخ شده‌اند. آموزش مهارت‌های جدید برای نیروی کار ضروری است. انعطاف‌پذیری کلید موفقیت در بازار کار آینده است."}]}, {"title": "بخش 75", "blocks": [{"type": "text", "content": "این بخش به تفصیل به بررسی مثال‌های کاربردی می‌پردازد. هر مثال با شرایط واقعی طراحی شده و خواننده می‌تواند آن‌ها را در موقعیت‌های مشابه به کار گیرد. تمرین‌ها در انتهای بخش کمک می‌کنند تا مهارت‌ها تقویت شوند."}]}, {"title": "گالری تصاویر میانی", "blocks": [{"type": "gallery", "images": [{"url": "/seed-images/mid1.svg", "caption": ""}, {"url": "/seed-images/mid2.svg", "caption": ""}, {"url": "/seed-images/mid3.svg", "caption": ""}]}]}, {"title": "بخش 77", "blocks": [{"type": "text", "content": "سیاست‌گذاران نقش مهمی در تسهیل این روند دارند. قوانین حمایتی، معافیت‌های مالیاتی و تسهیلات تحقیقاتی می‌تواند رشد را تسریع کند. تجربه کشورهای پیشرو الگوی خوبی است."}]}, {"title": "بخش 78", "blocks": [{"type": "text", "content": "مردم عادی هم می‌توانند سهمی در این پیشرفت داشته باشند. آموزش همگانی، شرکت در نظرسنجی‌ها و حمایت از طرح‌های محلی از راه‌های مشارکت است. هر ایده‌ای می‌تواند جرقه‌ای باشد."}]}, {"title": "بخش 79", "blocks": [{"type": "text", "content": "محیط زیست همواره باید در نظر گرفته شود. توسعه پایدار یعنی پیشرفت بدون آسیب به طبیعت. فناوری‌های سبز و انرژی‌های تجدیدپذیر راه‌حل‌های مناسبی هستند. آینده متعلق به کسانی است که به زمین احترام می‌گذارند."}]}, {"title": "بخش 80", "blocks": [{"type": "text", "content": "فرهنگ و هنر این حوزه را غنی‌تر می‌کنند. خلاقیت انسان‌ها هیچ مرزی نمی‌شناسد. آثار هنری الهام‌بخش نسل‌های بعدی خواهند بود. زیبایی در سادگی است و سادگی در عمق."}]}, {"title": "بخش 81", "blocks": [{"type": "text", "content": "ورزش و سلامت از دیگر حوزه‌های تأثیرپذیر هستند. ورزشکاران با استفاده از دانش نوین بهتر عمل می‌کنند. پزشکی شخصی‌سازی شده به درمان دقیق‌تر کمک می‌کند. سلامت جامعه سرمایه اصلی هر کشور است."}]}, {"title": "بخش 82", "blocks": [{"type": "text", "content": "اقتصاد و بازار کار نیز دستخوش تغییرات شده‌اند. مشاغل جدیدی ایجاد شده و برخی مشاغل قدیمی منسوخ شده‌اند. آموزش مهارت‌های جدید برای نیروی کار ضروری است. انعطاف‌پذیری کلید موفقیت در بازار کار آینده است."}]}, {"title": "بخش 83", "blocks": [{"type": "text", "content": "این بخش به تفصیل به بررسی مثال‌های کاربردی می‌پردازد. هر مثال با شرایط واقعی طراحی شده و خواننده می‌تواند آن‌ها را در موقعیت‌های مشابه به کار گیرد. تمرین‌ها در انتهای بخش کمک می‌کنند تا مهارت‌ها تقویت شوند."}]}, {"title": "بخش 84", "blocks": [{"type": "text", "content": "توسعه این حوزه نیازمند سرمایه‌گذاری در زیرساخت‌هاست. مراکز تحقیقاتی باید به تجهیزات پیشرفته دسترسی داشته باشند. همچنین ایجاد شبکه‌های همکاری بین دانشگاه‌ها و صنعت ضروری است."}]}, {"title": "بخش 85", "blocks": [{"type": "text", "content": "سیاست‌گذاران نقش مهمی در تسهیل این روند دارند. قوانین حمایتی، معافیت‌های مالیاتی و تسهیلات تحقیقاتی می‌تواند رشد را تسریع کند. تجربه کشورهای پیشرو الگوی خوبی است."}]}, {"title": "بخش 86", "blocks": [{"type": "text", "content": "مردم عادی هم می‌توانند سهمی در این پیشرفت داشته باشند. آموزش همگانی، شرکت در نظرسنجی‌ها و حمایت از طرح‌های محلی از راه‌های مشارکت است. هر ایده‌ای می‌تواند جرقه‌ای باشد."}]}, {"title": "بخش 87", "blocks": [{"type": "text", "content": "محیط زیست همواره باید در نظر گرفته شود. توسعه پایدار یعنی پیشرفت بدون آسیب به طبیعت. فناوری‌های سبز و انرژی‌های تجدیدپذیر راه‌حل‌های مناسبی هستند. آینده متعلق به کسانی است که به زمین احترام می‌گذارند."}]}, {"title": "بخش 88", "blocks": [{"type": "text", "content": "فرهنگ و هنر این حوزه را غنی‌تر می‌کنند. خلاقیت انسان‌ها هیچ مرزی نمی‌شناسد. آثار هنری الهام‌بخش نسل‌های بعدی خواهند بود. زیبایی در سادگی است و سادگی در عمق."}]}, {"title": "بخش 89", "blocks": [{"type": "text", "content": "ورزش و سلامت از دیگر حوزه‌های تأثیرپذیر هستند. ورزشکاران با استفاده از دانش نوین بهتر عمل می‌کنند. پزشکی شخصی‌سازی شده به درمان دقیق‌تر کمک می‌کند. سلامت جامعه سرمایه اصلی هر کشور است."}]}, {"title": "بخش 90", "blocks": [{"type": "text", "content": "اقتصاد و بازار کار نیز دستخوش تغییرات شده‌اند. مشاغل جدیدی ایجاد شده و برخی مشاغل قدیمی منسوخ شده‌اند. آموزش مهارت‌های جدید برای نیروی کار ضروری است. انعطاف‌پذیری کلید موفقیت در بازار کار آینده است."}]}, {"title": "بخش 91", "blocks": [{"type": "text", "content": "این بخش به تفصیل به بررسی مثال‌های کاربردی می‌پردازد. هر مثال با شرایط واقعی طراحی شده و خواننده می‌تواند آن‌ها را در موقعیت‌های مشابه به کار گیرد. تمرین‌ها در انتهای بخش کمک می‌کنند تا مهارت‌ها تقویت شوند."}]}, {"title": "بخش 92", "blocks": [{"type": "text", "content": "توسعه این حوزه نیازمند سرمایه‌گذاری در زیرساخت‌هاست. مراکز تحقیقاتی باید به تجهیزات پیشرفته دسترسی داشته باشند. همچنین ایجاد شبکه‌های همکاری بین دانشگاه‌ها و صنعت ضروری است."}]}, {"title": "بخش 93", "blocks": [{"type": "text", "content": "سیاست‌گذاران نقش مهمی در تسهیل این روند دارند. قوانین حمایتی، معافیت‌های مالیاتی و تسهیلات تحقیقاتی می‌تواند رشد را تسریع کند. تجربه کشورهای پیشرو الگوی خوبی است."}]}, {"title": "بخش 94", "blocks": [{"type": "text", "content": "مردم عادی هم می‌توانند سهمی در این پیشرفت داشته باشند. آموزش همگانی، شرکت در نظرسنجی‌ها و حمایت از طرح‌های محلی از راه‌های مشارکت است. هر ایده‌ای می‌تواند جرقه‌ای باشد."}]}, {"title": "بخش 95", "blocks": [{"type": "text", "content": "محیط زیست همواره باید در نظر گرفته شود. توسعه پایدار یعنی پیشرفت بدون آسیب به طبیعت. فناوری‌های سبز و انرژی‌های تجدیدپذیر راه‌حل‌های مناسبی هستند. آینده متعلق به کسانی است که به زمین احترام می‌گذارند."}]}, {"title": "بخش 96", "blocks": [{"type": "text", "content": "فرهنگ و هنر این حوزه را غنی‌تر می‌کنند. خلاقیت انسان‌ها هیچ مرزی نمی‌شناسد. آثار هنری الهام‌بخش نسل‌های بعدی خواهند بود. زیبایی در سادگی است و سادگی در عمق."}]}, {"title": "بخش 97", "blocks": [{"type": "text", "content": "ورزش و سلامت از دیگر حوزه‌های تأثیرپذیر هستند. ورزشکاران با استفاده از دانش نوین بهتر عمل می‌کنند. پزشکی شخصی‌سازی شده به درمان دقیق‌تر کمک می‌کند. سلامت جامعه سرمایه اصلی هر کشور است."}]}, {"title": "بخش 98", "blocks": [{"type": "text", "content": "اقتصاد و بازار کار نیز دستخوش تغییرات شده‌اند. مشاغل جدیدی ایجاد شده و برخی مشاغل قدیمی منسوخ شده‌اند. آموزش مهارت‌های جدید برای نیروی کار ضروری است. انعطاف‌پذیری کلید موفقیت در بازار کار آینده است."}]}, {"title": "بخش 99", "blocks": [{"type": "text", "content": "این بخش به تفصیل به بررسی مثال‌های کاربردی می‌پردازد. هر مثال با شرایط واقعی طراحی شده و خواننده می‌تواند آن‌ها را در موقعیت‌های مشابه به کار گیرد. تمرین‌ها در انتهای بخش کمک می‌کنند تا مهارت‌ها تقویت شوند."}]}, {"title": "بخش 100", "blocks": [{"type": "text", "content": "توسعه این حوزه نیازمند سرمایه‌گذاری در زیرساخت‌هاست. مراکز تحقیقاتی باید به تجهیزات پیشرفته دسترسی داشته باشند. همچنین ایجاد شبکه‌های همکاری بین دانشگاه‌ها و صنعت ضروری است."}]}]'::jsonb, 'book-31', 'fa', 'authored', true, true, 1)
ON CONFLICT (id) DO UPDATE SET title = EXCLUDED.title, author = EXCLUDED.author, pages = EXCLUDED.pages;

-- credit transactions (test topups)
INSERT INTO public.credit_transactions (user_id, amount, reason, metadata) VALUES ('11111111-1111-1111-1111-111111111111', 500, 'test_topup', '{}');
INSERT INTO public.credit_transactions (user_id, amount, reason, metadata) VALUES ('22222222-2222-2222-2222-222222222222', 500, 'test_topup', '{}');
INSERT INTO public.credit_transactions (user_id, amount, reason, metadata) VALUES ('33333333-3333-3333-3333-333333333333', 500, 'test_topup', '{}');
INSERT INTO public.credit_transactions (user_id, amount, reason, metadata) VALUES ('44444444-4444-4444-4444-444444444444', 500, 'test_topup', '{}');

COMMIT;